subsection,modifier,example,description,effect_type
Military,army_tradition,1,Adds to the rate of army tradition gained each year.,Additive
Military,army_tradition_decay,-0.01,Adds to the decay rate of army tradition.,Additive
Military,army_tradition_from_battle,0.01,Modifies the army tradition bonus when gained through battles.,Multiplicative
Military,yearly_army_professionalism,0.01,Modifies the rate of army professionalism gained each year.,Multiplicative
Military,drill_gain_modifier,0.10,Modifies the army drill gains while drilling,Multiplicative
Military,drill_decay_modifier,-0.10,Modifies the army drill decay rate per year.,Multiplicative
Military,infantry_cost,-0.10,Modifies the base cost of infantry units.,Multiplicative
Military,infantry_power,0.10,Modifies the power infantry gain from unit pips.,Multiplicative
Military,infantry_fire,1,"added to infanty fire modifier, a pure multiplier to infantry damage during fire phase",Additive
Military,infantry_shock,1,"added to infanty shock modifier, a pure multiplier to infantry damage during shock phase",Additive
Military,cavalry_cost,-0.10,Modifies the base cost of cavalry units.,Multiplicative
Military,cavalry_power,0.10,Modifies the power cavalry gain from unit pips.,Multiplicative
Military,cavalry_fire,1,"added to cavalry fire modifier, a pure multiplier to cavalry damage during fire phase",Additive
Military,cavalry_shock,1,"added to cavalry shock modifier, a pure multiplier to cavalry damage during shock phase",Additive
Military,artillery_cost,-0.10,Modifies the base cost of artillery units.,Multiplicative
Military,artillery_power,0.10,Modifies the power artillery gain from unit pips.,Multiplicative
Military,artillery_fire,1,"added to artillery fire modifier, a pure multiplier to artillery damage during fire phase, also for ship cannons",Additive
Military,artillery_shock,1,"added to artillery shock modifier, a pure multiplier to artillery damage during shock phase",Additive
Military,cav_to_inf_ratio,0.10,Adds to the ratio required to negate the insufficient support penalty.,Additive
Military,cavalry_flanking,0.10,Modifies the effectiveness of cavalry flanking.,Multiplicative
Military,artillery_levels_available_vs_fort,1,Adds to the maximum levels of artillery on siege,Additive
Military,artillery_level_modifier,1,"Modifies how much an artillery unit contributes towards a siege. E.g. 0.2 would mean a 20% bonus, so 5 artillery would count for 6.",Multiplicative
Military,backrow_artillery_damage,0.10,Modifies the bonus damage artillery inflict when in the backrow during combat.,Multiplicative
Military,discipline,0.01,Modifies the discipline of land units.,Multiplicative
Military,land_morale,0.10,Modifies the land morale of land units.,Multiplicative
Military,land_morale_constant,0.1,Adds to the land morale of land units.,Additive
Military,movement_speed,0.10,Modifies the base movement speed for all land units.,Multiplicative
Military,fire_damage,0.10,Modifies the fire damage done by land units.,Multiplicative
Military,fire_damage_received,-0.10,Modifies the fire damage taken by land units.,Multiplicative
Military,shock_damage,0.10,Modifies the shock damage done by land units.,Multiplicative
Military,shock_damage_received,-0.10,Modifies the shock damage taken by land units.,Multiplicative
Military,morale_damage,0.025,Modifies the morale damage done by land units.,Multiplicative
Military,morale_damage_received,-0.025,Modifies the morale damage taken by land units.,Multiplicative
Military,recover_army_morale_speed,0.10,Modifies the army morale recovery speed.,Multiplicative
Military,reserves_organisation,0.10,"Modifies the morale damage taken by units in reserves (i.e. not in battle, but engaged with another unit)",Multiplicative
Military,land_attrition,-0.10,Modifies the attrition taken by land units.,Multiplicative
Military,reinforce_cost_modifier,-0.10,Modifies the cost of reinforcements when units are reinforced.,Multiplicative
Military,no_cost_for_reinforcing,yes,Allows free reinforcement for units.,Constant
Military,reinforce_speed,0.10,Modifies the rate at which units are reinforced with new men.,Multiplicative
Military,manpower_recovery_speed,0.10,Modifies the rate at which manpower is recovered.,Multiplicative
Military,global_manpower,1,Adds to the country's total manpower pool. 1 equals 1000 men.,Additive
Military,global_manpower_modifier,0.10,Modifies a country's total manpower pool.,Multiplicative
Military,global_regiment_cost,-0.10,Modifies the base unit cost for all land units.,Multiplicative
Military,global_regiment_recruit_speed,-0.10,Modifies the base speed at which land units are recruited.,Multiplicative
Military,global_supply_limit_modifier,0.10,Modifies the supply limit of provinces,Additive
Military,land_forcelimit,1,Adds to a country's force limit.,Additive
Military,land_forcelimit_modifier,0.10,Modifies a country's force limit.,Multiplicative
Military,land_maintenance_modifier,-0.10,Modifies the maintenance cost of all land units.,Multiplicative
Military,possible_condottieri,1,Modifies the base condottieri limit.,Multiplicative
Military,hostile_attrition,1,Adds to the attrition enemies take in a country's provinces.,Additive
Military,max_hostile_attrition,3,Modifies the maximum attrition enemies have in a country,Additive
Military,siege_ability,0.10,Modifies the siege ability that affects siege phase length. Reverse concept of defensiveness.,Multiplicative
Military,artillery_barrage_cost,-0.25,Modifies the cost for using 'Artillery Barrage' action during sieges.,Multiplicative
Military,assault_fort_cost_modifier,-0.25,Modifies the military cost to assault forts.,Multiplicative
Military,assault_fort_ability,0.25,Modifies the damage the troops deal to the garrison when assaulting a fort.,Multiplicative
Military,defensiveness,0.10,Modifies the siege defensiveness that affects siege phase length.,Multiplicative
Military,garrison_size,0.10,Modifies the base garrison size in provinces.,Multiplicative
Military,global_garrison_growth,0.10,Modifies the base garrison growth in provinces.,Multiplicative
Military,garrison_damage,0.5,Modifies the damage the garrison deals when the fort gets assaulted or when a country use the sortie to fight the hostile army.,Multiplicative
Military,fort_maintenance_modifier,-0.10,Modifies the base fort maintenance cost.,Multiplicative
Military,rival_border_fort_maintenance,-0.10,Modifies the base fort maintenance cost for forts in provinces that border rivals.,Multiplicative
Military,war_exhaustion,-0.10,Adds to the monthly war exhaustion rate.,Additive
Military,war_exhaustion_cost,-0.10,Modifies the diplomatic power cost for reducing war exhaustion.,Multiplicative
Military,leader_land_fire,1,Adds to the minimum fire pip count a leader can be generated with.,Additive
Military,leader_land_manuever,1,Adds to the minimum maneuver pip count a leader can be generated with.,Additive
Military,leader_land_shock,1,Adds to the minimum shock pip count a leader can be generated with.,Additive
Military,leader_siege,1,Adds to the minimum siege pip count a leader can be generated with.,Additive
Military,max_general_fire,1,Adds to the max amounts of fire pips a leader can have.,Additive
Military,max_general_maneuver,1,Adds to the max amounts of maneuver pips a leader can have.,Additive
Military,max_general_shock,1,Adds to the max amounts of shock pips a leader can have.,Additive
Military,max_general_siege,1,Adds to the max amounts of siege pips a leader can have.,Additive
Military,general_cost,-0.10,Modifies the base military power cost for recruiting Generals.,Multiplicative
Military,free_leader_pool,1,Adds to the maximum amount of free leaders (both land leaders and navy leaders pool).,Additive
Military,free_land_leader_pool,1,Adds to the maximum amount of free land leaders.,Additive
Military,free_navy_leader_pool,1,Adds to the maximum amount of free navy leaders.,Additive
Military,raze_power_gain,0.10,Modifies the amount of monarch power gained from razing.,Multiplicative
Military,loot_amount,0.10,Modifies the amount of loot taken at once during looting.,Multiplicative
Military,available_province_loot,0.10,Modifies the amount of loot available in a province.,Multiplicative
Military,prestige_from_land,0.10,Modifies the prestige bonus from combat.,Multiplicative
Military,war_taxes_cost_modifier,-0.10,Modifies the military power cost for raising war taxes.,Multiplicative
Military,leader_cost,-0.10,Modifies the military power cost for hiring leaders.,Multiplicative
Military,may_recruit_female_generals,yes,Allows the recruitment of female generals.,Constant
Military,manpower_in_true_faith_provinces,0.10,Modifies the amount of manpower gained from provinces that follow the true faith of a country.,Multiplicative
Military,regiment_manpower_usage,-0.1,Modifies the manpower usage for reinforcement by regiments.,Multiplicative
Military,military_tactics,0.25,"Modifies the amount of Military tactics your armies have. Military tactics reduces the amount of damage a country's troops take in combat. When set in ideas it shows up like a multiplicative % modifier, but it is treated like an additive one.",Additive
Military,capped_by_forcelimit,yes,Forbids countries to go over their forcelimit,Constant
Military,global_attacker_dice_roll_bonus,1,Adds to the global attacker dice roll bonus,Additive
Military,global_defender_dice_roll_bonus,1,Adds to the global defender dice roll bonus,Additive
Military,own_territory_dice_roll_bonus,1,Adds to the dice roll bonus for the territory owner,Additive
Military,manpower_in_accepted_culture_provinces,0.10,Modifies the manpower in your accepted culture provinces but not in the provinces of your primary culture,Multiplicative
Military,manpower_in_culture_group_provinces,0.1,Modifies the manpower in the provinces of your culture group,Multiplicative
Military,manpower_in_own_culture_provinces,0.10,Modifies the manpower in the provinces with your own culture,Multiplicative
Military,may_build_supply_depot,yes,Allows a country to build supply depots,Constant
Military,may_refill_garrison,yes,Allows a country to refill garrisons from armies,Constant
Military,may_return_manpower_on_disband,yes,Allows a country to regain the manpower of units they are disbanding,Constant
Military,attack_bonus_in_capital_terrain,1,Grants attack bonus in provinces with the same terrain as capital province.,Additive
Military,can_bypass_forts,yes,Allows units to ignore fort zones of control.,Constant
Military,force_march_free,yes,Allows usage of the ‘Force March’ action for free.,Constant
Military,enable_forced_march,yes,Allows to use Force March regardless of current tech level.,Constant
Military,warscore_from_battles_modifier,0.1,Modifiers the amount of war score a country gain from land and naval battles.,Multiplicative
Mercenary,mercenary_cost,-0.10,Modifies the base cost for mercenary units.,Multiplicative
Mercenary,merc_maintenance_modifier,-0.10,Modifies the maintenance cost of all mercenary units.,Multiplicative
Mercenary,mercenary_discipline,0.10,Modifies the discipline of mercenary units.,Multiplicative
Mercenary,mercenary_manpower,0.10,Modifies the amount of manpower mercenary companies have.,Multiplicative
Mercenary,merc_leader_army_tradition,0.5,Modifies the army tradition a leader of a merc company is spawned with.,Multiplicative
Mercenary,allow_mercenary_drill,yes,Allows mercenaries the ability to drill. Also works in unit scope.,Constant
Mercenary,merc_independent_from_trade_range,yes,Allows a country to recruit merc companies which have their home in provinces which are outside your trade range.,Constant
Mercenary,allow_mercenaries_to_split,yes,"Allow mercenaries to split (as of 1.37, only works using split hotkey). They are supposed to be able to merge with regiments of their own company, but as of 1.37, this functionality is broken. Using the hotkey to create a new unit also creates empty 0-stacks that cannot be readjusted.",Constant
Special Regiments,special_unit_forcelimit,0.10,Modifies the allowed forcelimit of special units.,Multiplicative
Special Regiments,special_unit_cost_modifier,-0.2,Modifies the recruitment cost of special units.,Multiplicative
Special Regiments,special_unit_manpower_cost_modifier,-0.2,"Modifies the manpower/sailors cost for recruitment of special units. As of 1.37, does not work on marines.",Multiplicative
Special Regiments,has_marines,yes,Allows the usage of Marine units. Basically it's always yes.,Constant
Special Regiments,allowed_marine_fraction,0.1,Modifies the amount of marines allowed to be recruited.,Multiplicative
Special Regiments,has_banners,yes,"Allows the usage of Manchu banner units. It also requires the province to have the ""local_has_banners = yes"" modifier.",Constant
Special Regiments,amount_of_banners,0.10,Modifies the maximum amount of banners available.,Multiplicative
Special Regiments,can_recruit_cawa,yes,Allows the usage of Cawa units. Doesn't work properly in 1.35.3,Constant
Special Regiments,amount_of_cawa,0.15,Modifies the maximum amount of Cawa units available.,Multiplicative
Special Regiments,cawa_cost_modifier,-0.10,Modifies the military power cost for recruiting Cawa units.,Multiplicative
Special Regiments,has_carolean,yes,"Allows the usage of Carolean units. It also requires the province to have the ""local_has_carolean = yes"" modifier.",Constant
Special Regiments,amount_of_carolean,0.25,Modifies the maximum amount of Carolean units available.,Multiplicative
Special Regiments,can_recruit_hussars,yes,Allows the usage of Winged Hussar units. (Winged Hussars can only be recruited in provinces where the culture is either part of the primary group or accepted.),Constant
Special Regiments,amount_of_hussars,4,Adds to the maximum amount of Winged Hussar units available.,Additive
Special Regiments,hussars_cost_modifier,-0.1,"(Recruiting Winged Hussars costs nothing, so this modifier seems to be practically non-functional)",Multiplicative
Special Regiments,can_recruit_janissaries,yes,Allows the usage of Janissary units.,Constant
Special Regiments,janissary_cost_modifier,-0.33,Modifies the military power cost for recruiting Janissary units.,Multiplicative
Special Regiments,allow_janissaries_from_own_faith,yes,Allows to recruit Janissary units in true faith provinces as well as heathen provinces.,Constant
Special Regiments,can_recruit_cossacks,yes,Allows the usage of Cossack units.,Constant
Special Regiments,allowed_cossack_fraction,0.5,Modifies the amount of cossacks that can be recruited.,Multiplicative
Special Regiments,can_recruit_rajputs,yes,Allows the usage of Rajput units.,Constant
Special Regiments,allowed_rajput_fraction,0.5,Modifies the amount of rajputs that can be recruited.,Multiplicative
Special Regiments,can_recruit_revolutionary_guards,yes,Allows the usage of Revolutionary Guard units.,Constant
Special Regiments,allowed_rev_guard_fraction,0.2,Modifies the amount of revolutionary guards that can be recruited.,Multiplicative
Special Regiments,has_streltsy,yes,"Allows the usage of Streltsy units. It also requires the province to have the ""local_has_streltsy = yes"" modifier.",Constant
Special Regiments,allowed_streltsy_fraction,0.2,Modifies the amount of streltsy that can be recruited.,Multiplicative
Special Regiments,amount_of_streltsy,1,Adds to the maximum amount of Streltsy units available.,Additive
Special Regiments,has_tercio,yes,"Allows the usage of Tercio units. It also requires the province to have the ""local_has_tercio = yes"" modifier.",Constant
Special Regiments,allowed_tercio_fraction,0.1,Modifies the amount of tercios that can be recruited.,Multiplicative
Special Regiments,amount_of_tercio,1,Adds to the maximum amount of Tercio units available.,Additive
Special Regiments,has_samurai,yes,"Allows the usage of Samurai units. It also requires the province to have the ""local_has_samurai = yes"" modifier.",Constant
Special Regiments,allowed_samurai_fraction,0.1,Modifies the amount of samurai that can be recruited.,Multiplicative
Special Regiments,amount_of_samurai,5,Adds to the maximum amount of Samurai units available.,Additive
Special Regiments,has_musketeer,yes,"Allows the usage of Musketeer units. It also requires the province to have the ""local_has_musketeers = yes"" modifier.",Constant
Special Regiments,allowed_musketeer_fraction,0.15,Modifies the amount of musketeers that can be recruited.,Multiplicative
Special Regiments,amount_of_musketeers,1,Adds to the maximum amount of Musketeer units available.,Additive
Special Regiments,has_mamluks,yes,"Allows the usage of Mamluk units. It also requires the province to have the ""local_has_mamluks = yes"" modifier.",Constant
Special Regiments,allowed_mamluks_fraction,0.2,Modifies the amount of mamluks that can be recruited.,Multiplicative
Special Regiments,amount_of_mamluks,1,Adds to the maximum amount of Mamluk units available.,Additive
Special Regiments,has_qizilbash,yes,"Allows the usage of Qizilbash units. It also requires the province to have the ""local_has_qizilbash = yes"" modifier.",Constant
Special Regiments,allowed_qizilbash_fraction,0.2,Modifies the amount of qizilbash that can be recruited.,Multiplicative
Special Regiments,amount_of_qizilbash,6,Adds to the maximum amount of Qizilbash units available.,Additive
Navy,navy_tradition,1,Adds to the yearly navy tradition rate.,Additive
Navy,navy_tradition_decay,-0.01,Adds to the decay rate of navy tradition.,Additive
Navy,naval_tradition_from_battle,0.1,Modifies the base navy tradition gained from battles.,Multiplicative
Navy,naval_tradition_from_trade,0.1,Modifies the base navy tradition gained from protecting trade.,Multiplicative
Navy,heavy_ship_cost,-0.1,Modifies the base cost of heavy ships.,Multiplicative
Navy,heavy_ship_power,0.1,Modifies the power heavy ships gain from unit pips.,Multiplicative
Navy,light_ship_cost,-0.1,Modifies the base cost of light ships.,Multiplicative
Navy,light_ship_power,0.1,Modifies the power light ships gain from unit pips.,Multiplicative
Navy,galley_cost,-0.1,Modifies the base cost of galley ships.,Multiplicative
Navy,galley_power,0.1,Modifies the power galley ships gain from unit pips.,Multiplicative
Navy,transport_cost,-0.1,Modifies the base cost of transport ships.,Multiplicative
Navy,transport_power,0.1,Modifies the power transport ships gain from unit pips.,Multiplicative
Navy,global_ship_cost,-0.1,Modifies the base cost of all ships.,Multiplicative
Navy,global_ship_recruit_speed,-0.1,Modifies the base recruitment speed of all ships.,Multiplicative
Navy,global_ship_repair,0.1,Modifies the base repair speed (in port) of all ships.,Multiplicative
Navy,naval_forcelimit,1,Adds to a country's naval force limit.,Additive
Navy,naval_forcelimit_modifier,0.1,Modifies a country's naval force limit.,Multiplicative
Navy,naval_maintenance_modifier,-0.1,Modifies the naval maintenance for all ships.,Multiplicative
Navy,global_sailors,1000,Adds to a country's maximum sailor pool.,Additive
Navy,global_sailors_modifier,0.1,Modifies a country's maximum sailor pool.,Multiplicative
Navy,sailor_maintenance_modifer,-0.1,Modifies the sailor maintenance for all ships.,Multiplicative
Navy,sailors_recovery_speed,0.1,Modifies the sailor recovery rate for all ships.,Multiplicative
Navy,blockade_efficiency,0.1,Modifies the efficiency of blockades against enemies.,Multiplicative
Navy,siege_blockade_progress,1,Modifies the bonus siege status by blockaded.,Additive
Navy,capture_ship_chance,0.1,Adds to the chance for ship capture during naval battles.,Additive
Navy,global_naval_engagement_modifier,0.1,Modifies the maximum naval engagement width.,Multiplicative
Navy,global_naval_engagement,1,Adds to the maximum naval engagement width.,Additive
Navy,naval_attrition,-0.1,Modifies the naval attrition taken by ships.,Multiplicative
Navy,naval_morale,0.1,Modifies the naval morale of all ships.,Multiplicative
Navy,naval_morale_constant,0.1,Adds to the naval morale of all ships.,Additive
Navy,naval_morale_damage,0.15,Modifies the morale damage done by naval units.,Multiplicative
Navy,naval_morale_damage_received,-0.15,Modifies the morale damage taken by naval units.,Multiplicative
Navy,ship_durability,0.1,Modifies the durability of all ships.,Multiplicative
Navy,sunk_ship_morale_hit_recieved,-0.1,Modifies the morale damage taken during battle by losing ships.,Multiplicative
Navy,recover_navy_morale_speed,0.1,Modifies the morale recovery rate of ships.,Multiplicative
Navy,prestige_from_naval,0.1,Modifies the prestige gained through naval battles.,Multiplicative
Navy,leader_naval_fire,1,Adds to the minimum fire pip count a leader can be generated with.,Additive
Navy,leader_naval_manuever,1,Adds to the minimum maneuver pip count a leader can be generated with.,Additive
Navy,leader_naval_shock,1,Adds to the minimum shock pip count a leader can be generated with.,Additive
Navy,max_admiral_fire,1,Adds to the max amounts of fire pips a leader can have.,Additive
Navy,max_admiral_maneuver,1,Adds to the max amounts of maneuver pips a leader can have.,Additive
Navy,max_admiral_shock,1,Adds to the max amounts of shock pips a leader can have.,Additive
Navy,max_admiral_siege,1,Adds to the max amounts of siege pips a leader can have.,Additive
Navy,own_coast_naval_combat_bonus,1.0,Modifies the combat bonus navies gain when sailing in coastal tiles that border their home nation.,Multiplicative
Navy,admiral_cost,-0.1,Modifies the cost of hiring an admiral.,Multiplicative
Navy,global_naval_barrage_cost,-0.1,Modifies the cost for using the ‘Naval Barrage’ action.,Multiplicative
Navy,flagship_cost,-0.1,Modifies the cost of building a flagship.,Multiplicative
Navy,disengagement_chance,0.05,Modifies the chance of disengagement for ships during battle.,Multiplicative
Navy,transport_attrition,-0.5,Modifies the attrition units takes while being on ships.,Multiplicative
Navy,landing_penalty,-2,Adds to the combat penalty when landing.,Additive
Navy,regiment_disembark_speed,0.25,Modifies the speed in which units disembark.,Multiplicative
Navy,may_perform_slave_raid,yes,Allows ships to perform slave raids.,Constant
Navy,may_perform_slave_raid_on_same_religion,yes,Grants the abiliy to conduct slave raids against nations that share the same religion.,Constant
Navy,coast_raid_range,1,Adds to the amounts of sea tiles a country can raid in.,Additive
Navy,sea_repair,yes,Allows ships to repair in coastal sea zones adjacent to owned provinces.,Constant
Navy,movement_speed_in_fleet_modifier,1,Modifies the movement speed for ships.,Additive
Navy,max_flagships,1,Adds to the number of flagships a country can have at the same time.,Additive
Navy,number_of_cannons,10,Adds to the number of cannons for all ships.,Additive
Navy,number_of_cannons_modifier,0.1,Modifies the number of cannons for all ships.,Multiplicative
Navy,heavy_ship_number_of_cannons_modifier,0.1,Modifies the number of cannons for heavy ships.,Multiplicative
Navy,light_ship_number_of_cannons_modifier,0.1,Modifies the number of cannons for light ships.,Multiplicative
Navy,galley_number_of_cannons_modifier,0.1,Modifies the number of cannons for galley ships.,Multiplicative
Navy,transport_number_of_cannons_modifier,0.1,Modifies the number of cannons for transport ships.,Multiplicative
Navy,hull_size,10,Adds to the hull size of all ships.,Additive
Navy,hull_size_modifier,0.1,Modifies the hull size of all ships.,Multiplicative
Navy,heavy_ship_hull_size_modifier,0.1,Modifies the hull size of heavy ships.,Multiplicative
Navy,light_ship_hull_size_modifier,0.1,Modifies the hull size of light ships.,Multiplicative
Navy,galley_hull_size_modifier,0.1,Modifies the hull size of galley ships.,Multiplicative
Navy,transport_hull_size_modifier,0.1,Modifies the hull size of transport ships.,Multiplicative
Navy,engagement_cost,-1,Adds to the engagement width occupied by a ship.,Additive
Navy,engagement_cost_modifier,-0.1,Modifies the engagement width occupied by a ship.,Multiplicative
Navy,ship_trade_power,5,Adds to the trade power of ships. Only works properly with unit scope.,Additive
Navy,ship_trade_power_modifier,0.2,Modifies the trade power of ships. Only works properly with unit scope.,Multiplicative
Navy,can_transport_units,yes,Allows non-transport ships to transport land units. Only works properly with unit scope.,Constant
Flagships,admiral_skill_gain_modifier,0.1,The monthly chance that an admiral gains a pip while he is assigned to a fleet that is on a mission and contains a flagship with this modifier,Additive
Flagships,flagship_durability,1,Modifies the ship durability for the flagship.,Multiplicative
Flagships,flagship_morale,1,Modifies the naval morale for the flagship.,Multiplicative
Flagships,flagship_naval_engagement_modifier,1,Modifies the fleet engagement width of the flagship's fleet.,Additive
Flagships,movement_speed_onto_off_boat_modifier,-0.1,Modifies the speed at which troops disembark off ships into provinces.,Multiplicative
Flagships,flagship_landing_penalty,1,Modifies the disembarkment penalty for the flagship.,Multiplicative
Flagships,number_of_cannons_flagship_modifier,0.1,Modifies the number of cannons for the flagship.,Multiplicative
Flagships,number_of_cannons_flagship,200,Modifies the number of cannons for the flagship.,Additive
Flagships,naval_maintenance_flagship_modifier,-0.1,Modifies the naval maintenance for the flagship.,Multiplicative
Flagships,trade_power_in_fleet_modifier,1,Modifies the trade power conferred by the flagship and all other ships within its fleet.,Multiplicative
Flagships,morale_in_fleet_modifier,0.1,Modifies the naval morale for the flagship and all other ships within its fleet.,Multiplicative
Flagships,blockade_impact_on_siege_in_fleet_modifier,0.1,Modifies the blockade impact of the flagship and all other ships within its fleet.,Multiplicative
Flagships,exploration_mission_range_in_fleet_modifier,100,Modifies the exploration mission range for the flagship and all other ships within its fleet.,Additive
Flagships,barrage_cost_in_fleet_modifier,-0.1,Modifies the ‘Naval Barrage’ action cost for the flagship and all other ships within its fleet.,Multiplicative
Flagships,naval_attrition_in_fleet_modifier,-0.1,Modifies the naval attrition suffered by the flagship and all other ships within its fleet.,Multiplicative
Flagships,privateering_efficiency_in_fleet_modifier,0.1,Modifies the privateering efficiency of the flagship and all other ships within its fleet.,Multiplicative
Flagships,prestige_from_battles_in_fleet_modifier,1,Modifies the amount of prestige gained from battles for the flagship and all other ships within its fleet.,Multiplicative
Flagships,naval_tradition_in_fleet_modifier,1,Modifies the amount of Naval Tradition gained from battles for the flagship and all other ships within its fleet.,Multiplicative
Flagships,cannons_for_hunting_pirates_in_fleet,1,Modifies the amount of cannons for the flagship and all other ships within its fleet while on the Hunting Pirates mission.,Multiplicative
Special Ships,has_geobukseon,yes,"Allows the usage of Geobukseon ships. It also requires the province to have the ""local_has_geobukseon = yes"" modifier.",Constant
Special Ships,allowed_geobukseon_fraction,0.5,Modifies the amount of geobukseon that can be recruited.,Multiplicative
Special Ships,amount_of_geobukseon,1,Adds to the maximum amount of Geobukseon ships available.,Additive
Special Ships,has_galleass,yes,"Allows the usage of Galleass ships. It also requires the province to have the ""local_has_galleass = yes"" modifier.",Constant
Special Ships,allowed_galleass_fraction,0.5,Modifies the amount of galleasses that can be recruited.,Multiplicative
Special Ships,amount_of_galleass,1,Adds to the maximum amount of Galleas ships available.,Additive
Special Ships,has_voc_indiamen,yes,"Allows the usage of VOC Indiaman ships. It also requires the province to have the ""local_has_voc_indiamen = yes"" modifier.",Constant
Special Ships,allowed_voc_indiamen_fraction,0.25,Modifies the amount of VOC indiamen that can be recruited.,Multiplicative
Special Ships,amount_of_voc_indiamen,1,Adds to the maximum amount of VOC Indiaman ships available.,Additive
Special Ships,has_man_of_war,yes,"Allows the usage of Man of War ships. It also requires the province to have the ""local_has_man_of_war = yes"" modifier.",Constant
Special Ships,allowed_man_of_war_fraction,0.2,Modifies the amount of men of war that can be recruited.,Multiplicative
Special Ships,amount_of_man_of_war,1,Adds to the maximum amount of Man of War ships available.,Additive
Special Ships,has_galleon,yes,"Allows the usage of Galleon ships. It also requires the province to have the ""local_has_galleon = yes"" modifier.",Constant
Special Ships,allowed_galleon_fraction,0.1,Modifies the amount of galleons that can be recruited.,Multiplicative
Special Ships,amount_of_galleon,1,Adds to the maximum amount of Galleon ships available.,Additive
Special Ships,has_caravel,yes,"Allows the usage of Caravel ships. It also requires the province to have the ""local_has_caravel = yes"" modifier.",Constant
Special Ships,allowed_caravel_fraction,0.1,Modifies the amount of caravels that can be recruited.,Multiplicative
Special Ships,amount_of_caravel,1,Adds to the maximum amount of Caravel ships available.,Additive
Diplomacy,diplomats,1,Adds to a country's diplomat count.,Additive
Diplomacy,diplomatic_reputation,1,Adds to a country's diplomatic reputation.,Additive
Diplomacy,diplomatic_upkeep,1,Adds to the maximum number of free diplomatic relations.,Additive
Diplomacy,envoy_travel_time,-0.2,"Modifies diplomat, merchant, and colonist travel time during actions.",Multiplicative
Diplomacy,improve_relation_modifier,0.2,Modifies the speed of the ‘Improve Relations’ diplomatic action.,Multiplicative
Diplomacy,ae_impact,-0.2,Modifies the total size of aggressive expansion gained during actions that confer it.,Multiplicative
Diplomacy,diplomatic_annexation_cost,-0.2,Modifies the diplomatic power cost for annexation.,Multiplicative
Diplomacy,province_warscore_cost,-0.2,Modifies the warscore cost for taking provinces.,Multiplicative
Diplomacy,unjustified_demands,-0.2,Modifies the cost in diplomatic power of making unjustified demands in a peace deal.,Multiplicative
Diplomacy,rival_change_cost,-0.2,Modifies the diplomatic power cost to change rivals.,Multiplicative
Diplomacy,justify_trade_conflict_cost,-0.2,Modifies the spy network cost to justify trade conflicts.,Multiplicative
Diplomacy,stability_cost_to_declare_war,1,Modifies the stability cost to declare war. Default is 0 with a casus belli and no truce.,Additive
Diplomacy,accept_vassalization_reasons,5,Gives reasons to accept vassalization.,Additive
Diplomacy,transfer_trade_power_reasons,5,Gives reasons to transfer trade.,Additive
Diplomacy,monthly_federation_favor_growth,0.05,Adds to the monthly change of favors with other countries in the native federation.,Additive
Diplomacy,monthly_favor_modifier,0.1,Modifies the amount of favour gained by the country.,Multiplicative
Diplomacy,cb_on_overseas,yes,Allows claims to be fabricated on overseas provinces in trade company regions.,Constant
Diplomacy,cb_on_primitives,yes,Allows claims to be fabricated on overseas provinces in colonial regions.,Constant
Diplomacy,idea_claim_colonies,yes,Allows claims to be fabricated on overseas provinces in colonial regions that are owned by another nation that is also overseas.,Constant
Diplomacy,cb_on_government_enemies,yes,Acts a visible script flag. Can be checked in triggers with cb_on_government_enemies = yes,Constant
Diplomacy,cb_on_religious_enemies,yes,Acts a visible script flag. Can be checked in triggers with cb_on_religious_enemies = yes,Constant
Diplomacy,reduced_stab_impacts,yes,Reduces the stability hits when taking diplomatic actions that cause them (i.e. 'Break Marriage').,Constant
Diplomacy,can_fabricate_for_vassals,yes,Grants the ability to fabricate claims for vassals.,Constant
Economy,global_tax_income,12,Adds to the base tax income per year (i.e. 12 equals 1 extra per month).,Additive
Economy,global_tax_modifier,0.05,Modifies the base tax income by a percentage.,Multiplicative
Economy,production_efficiency,0.05,Modifies the base production income by a percentage.,Multiplicative
Economy,state_maintenance_modifier,-0.25,Modifies the maintenance cost for states.,Multiplicative
Economy,inflation_action_cost,-0.1,Modifies the administrative power cost for reducing inflation.,Multiplicative
Economy,may_not_reduce_inflation,yes,Forbids a country to use the 'Reduce Inflation' button.,Constant
Economy,inflation_reduction,0.1,Adds to the base yearly inflation reduction rate.,Additive
Economy,monthly_gold_inflation_modifier,-0.1,Modifies the amount of inflation generated by gold mines.,Multiplicative
Economy,gold_depletion_chance_modifier,-0.1,Modifies the depletation chance of a gold mine.,Multiplicative
Economy,interest,-1,Adds to the base interest rate.,Additive
Economy,can_not_build_buildings,yes,Forbids a country to build buildings,Constant
Economy,development_cost,-0.1,Modifies the development cost for provinces.,Multiplicative
Economy,development_cost_in_primary_culture,-0.1,Modifies the development cost for provinces of primary culture.,Multiplicative
Economy,development_cost_modifier,-0.05,"Modifies the base Development Cost Modifier. ""Development Cost Modifier"" was called ""Development Efficiency"" before 1.34",Multiplicative
Economy,tribal_development_growth,0.02,Adds to the growth of tribal development,Additive
Economy,add_tribal_land_cost,-0.25,Modifies the cost of adding tribal land.,Multiplicative
Economy,settle_cost,0.1,Modifies the cost for settling tribal development into a province.,Multiplicative
Economy,global_allowed_num_of_buildings,1,Adds to the number of allowed buildings in every owned province.,Additive
Economy,global_allowed_num_of_manufactories,1,Adds to the number of allowed manufactories in every owned province.,Additive
Economy,build_cost,-0.1,Modifies all building costs.,Multiplicative
Economy,build_time,-0.25,Modifies all building construction times.,Multiplicative
Economy,great_project_upgrade_cost,-0.25,Modifies all great project upgrade costs.,Multiplicative
Economy,great_project_upgrade_time,-0.1,Modifies the time needed to upgrade a great project.,Multiplicative
Economy,global_monthly_devastation,0.1,Adds to the devastation rate in all provinces.,Additive
Economy,global_prosperity_growth,0.1,Adds to the prosperity rate in all provinces.,Additive
Economy,administrative_efficiency,0.2,"Modifies the base core creation cost, diplo-annexation costs and the impact of province development on overextension and warscore cost.",Multiplicative
Economy,free_concentrate_development,yes,Allows a country to concentrate development without the cost.,Constant
Economy,expand_infrastructure_cost_modifier,-0.25,Modifies the adm and government reform progress cost for expanding infrastructure.,Multiplicative
Economy,centralize_state_cost,-0.1,Modifies the adm and government reform progress cost for centralizing a state.,Multiplicative
Core Creation,core_creation,-0.1,Modifies the base core creation cost.,Multiplicative
Core Creation,core_decay_on_your_own,-0.1,Modifies the rate at which the cores of a country will decay when under the ownership of a different country.,Multiplicative
Core Creation,enemy_core_creation,0.2,Modifies the cost of coring provinces for enemies that have your cores.,Multiplicative
Core Creation,ignore_coring_distance,yes,"Allows coring in any uncored province, regardless of distance.",Constant
Technology,<tech>_cost_modifier,-0.1,Modifies the monarch power cost of <tech> technologies. Generated automatically for all technology tables in /Europa Universalis IV/common/technology.txt.,Multiplicative
Technology,technology_cost,-0.1,Modifies the monarch power cost of all technologies.,Multiplicative
Technology,idea_cost,-0.1,Modifies the monarch power cost of purchasable ideas.,Multiplicative
Technology,embracement_cost,-0.1,Modifies the ducat cost for embracing an institution.,Multiplicative
Technology,global_institution_spread,0.1,Modifies the rate of spread for institutions in all owned provinces.,Multiplicative
Technology,institution_spread_from_true_faith,0.1,Modifies the rate of spread for institutions in owned provinces following the owner's religion.,Multiplicative
Technology,native_advancement_cost,-0.2,Modifies the monarch power cost of native advancements.,Multiplicative
Technology,all_power_cost,-0.1,Modifies the monarch power cost of every action that costs monarch power.,Multiplicative
Technology,innovativeness_gain,0.5,Modifies the amount of innovativeness gained.,Multiplicative
Technology,yearly_innovativeness,0.25,Adds to the yearly rate of innovativeness.,Additive
Technology,free_adm_policy,1,Modifies the amount of free administrative policies.,Additive
Technology,free_dip_policy,1,Modifies the amount of free diplomatic policies.,Additive
Technology,free_mil_policy,1,Modifies the amount of free military policies.,Additive
Technology,possible_adm_policy,1,Modifies the amount of administrative policy slots.,Additive
Technology,possible_dip_policy,1,Modifies the amount of diplomatic policy slots.,Additive
Technology,possible_mil_policy,1,Modifies the amount of military policy slots.,Additive
Technology,possible_policy,1,Modifies the amount of all policy slots.,Additive
Technology,free_policy,1,Modifies the amount of all free policies.,Additive
Technology,country_admin_power,1,Modifies the monthly administrative power a country generates.,Additive
Technology,country_diplomatic_power,1,Modifies the monthly diplomatic power a country generates.,Additive
Technology,country_military_power,1,Modifies the monthly military power a country generates.,Additive
Court,prestige,0.5,Adds to the base yearly rate of prestige.,Additive
Court,prestige_decay,-0.01,Adds to the base rate of prestige decay.,Additive
Court,monthly_splendor,1,Adds to the monthly rate of splendor points.,Additive
Court,yearly_corruption,-0.1,Adds to the yearly rate of corruption.,Additive
Court,advisor_cost,-0.25,Modifies the base cost of advisors.,Multiplicative
Court,same_culture_advisor_cost,-0.2,Modifies the advisor cost for advisors that share the same culture as the country's court they're in.,Multiplicative
Court,same_religion_advisor_cost,-0.2,Modifies the advisor cost for advisors that share the same religion as the country's court they're in.,Multiplicative
Court,advisor_pool,1,Adds to the pool size for advisors.,Additive
Court,female_advisor_chance,0.1,Modifies the base chance rate for female advisors.,Multiplicative
Court,heir_chance,0.5,Modifies the base chance for an heir during the heir generation tick.,Multiplicative
Court,monthly_heir_claim_increase,0.05,Adds to the monthly change of heir claim.,Additive
Court,monthly_heir_claim_increase_modifier,0.1,Modifies the monthly change of heir claim.,Multiplicative
Court,block_introduce_heir,yes,Disallows the country to use the 'Introduce New Heir' interaction.,Constant
Court,monarch_admin_power,1,"Adds to the base ADM skill a ruler, heir and consort can be generated with. Does not affect rulers created with fixed = yes.",Additive
Court,monarch_diplomatic_power,1,"Adds to the base DIP skill a ruler, heir and consort can be generated with. Does not affect rulers created with fixed = yes.",Additive
Court,monarch_military_power,1,"Adds to the base MIL skill a ruler, heir and consort can be generated with. Does not affect rulers created with fixed = yes.",Additive
Court,adm_advisor_cost,-0.1,Modifies the cost of hiring an administrative advisor.,Multiplicative
Court,dip_advisor_cost,-0.1,Modifies the cost of hiring an diplomatic advisor.,Multiplicative
Court,mil_advisor_cost,-0.1,Modifies the cost of hiring an military advisor.,Multiplicative
Court,monthly_support_heir_gain,0.1,Modifies the monthly gain in support for the heir of a country in a country that uses the ‘Elective Monarchy’ mechanics.,Multiplicative
Court,power_projection_from_insults,0.1,Modifies the amount of power projection gained when using the ‘Insult’ diplomatic action.,Multiplicative
Court,monarch_lifespan,0.1,Modifies the average lifespan of a ruler.,Multiplicative
Court,local_heir_adm,1,Adds to the base ADM skill that non-foreign heirs for Elective Monarchy can be generated with.,Additive
Court,local_heir_dip,1,Adds to the base DIP skill that non-foreign heirs for Elective Monarchy can be generated with.,Additive
Court,local_heir_mil,1,Adds to the base MIL skill that non-foreign heirs for Elective Monarchy can be generated with.,Additive
Court,national_focus_years,-1,Adds to the cooldown of setting the national focus,Additive
Government,yearly_absolutism,0.1,Adds to the yearly base rate of absolutism.,Additive
Government,max_absolutism,10,Adds to the maximum value of absolutism. Internally absolutism bonuses do not scale above 100.,Additive
Government,max_absolutism_effect,0.1,Modifies the maximum effect of absolutism on modifiers.,Multiplicative
Government,legitimacy,1,Adds to the yearly rate of legitimacy.Does not appear or have an effect if a country's government does not use legitimacy.,Additive
Government,republican_tradition,0.5,Adds to the yearly rate of republican tradition.Does not appear or have an effect if a country's government does not use republican tradition.,Additive
Government,devotion,1,Adds to the yearly rate of devotion.Does not appear or have an effect if a country's government does not use devotion.,Additive
Government,horde_unity,1,Adds to the yearly rate of horde unity.Does not appear or have an effect if a country's government does not use horde unity.,Additive
Government,meritocracy,1,Adds to the yearly rate of meritocracy. Does not appear or have an effect if a country's government does not use meritocracy.,Additive
Government,<government_power_type_id>_gain_modifier,0.05,Modifies the gain of power from the add_government_power effect for governments with the particular mechanic.,Multiplicative
Government,monthly_<government_power_type_id>,0.05,Adds to the monthly rate of power for governments with the particular mechanic.,Additive
Government,yearly_government_power,0.5,Adds to the yearly rate of power for governments with mechanics.,Additive
Government,<faction>_influence,0.1,Adds to the monthly rate of faction influence. Generated automatically for all factions in /Europa Universalis IV/common/factions.,Additive
Government,imperial_mandate,0.1,Adds to the rate of Mandate gained per month.,Additive
Government,election_cycle,1,"Adds to the duration of an election cycle for the current nation. Negative values shorten the duration, positive values add to it.",Additive
Government,candidate_random_bonus,1,Adds to the randomized stats a republican candidate may receive during elections.,Additive
Government,reelection_cost,-0.1,Modifies the cost in Republican Tradition when re-electing candidates.,Multiplicative
Government,max_terms,2,,Additive
Government,governing_capacity,100,Adds to the base governing capacity.,Additive
Government,governing_capacity_modifier,0.1,Modifies the base governing capacity.,Multiplicative
Government,governing_cost,-0.1,Modifies the governing capacity usage of all provinces.,Multiplicative
Government,state_governing_cost,-0.1,Modifies the governing capacity usage of states.,Multiplicative
Government,territories_governing_cost,-0.1,Modifies the governing capacity usage of territories.,Multiplicative
Government,trade_company_governing_cost,-0.1,Modifies the governing capacity usage of trade companies.,Multiplicative
Government,state_governing_cost_increase,-20,Adds to the governing capacity usage of states.,Additive
Government,expand_administration_cost,0.1,Modifies the cost of the ‘Expand Administration’ action.,Multiplicative
Government,yearly_revolutionary_zeal,0.1,Adds to the yearly base rate of revolutionary zeal.,Additive
Government,max_revolutionary_zeal,10,Adds to the maximum value of revolutionary zeal. Internally revolutionary zeal bonuses do not scale above 100.,Additive
Government,reform_progress_growth,0.1,Changes the rate of government reform progress gain from autonomy.,Multiplicative
Government,monthly_reform_progress,0.5,"Adds to the rate of government reform progress gain (this is modified by monthly_reform_progress_modifier, but not by reform_progress_growth).",Additive
Government,monthly_reform_progress_modifier,0.1,Changes the rate of government reform progress gain (both from monthly_reform_progress as well as the progress from autonomy).,Multiplicative
Government,move_capital_cost_modifier,-0.1,Modifies the amount of needed admin power to move the capital.,Multiplicative
Government,can_revoke_parliament_seats,yes,Allows a country to remove seats from a province.,Constant
Government,parliament_backing_chance,0.25,Modifies how many seats will back an issue in general.,Multiplicative
Government,parliament_effect_duration,5,Adds to the years for the effect duration of passed issue.,Additive
Government,parliament_debate_duration,5,Adds to the years of debate duration for an issue.,Additive
Government,parliament_chance_of_decision,0.1,Adds to the chance for the debate to be ended after debate duration.,Multiplicative
Government,num_of_parliament_issues,1,Adds to the maximum number of issues a country can pick from.,Additive
Government,max_possible_parliament_seats,8,Defines the minimum amount of seats needed,Additive
Estates,<estate>_influence_modifier,0.1,Modifies to the influence of the specified estate. These modifiers are defined in /Europa Universalis IV/common/estates_preload.,Multiplicative
Estates,<estate>_loyalty_modifier,0.1,Modifies to the loyalty equilibrium of the specified estate. These modifiers are defined in /Europa Universalis IV/common/estates_preload.,Multiplicative
Estates,<estate>_privilege_slots,1,Adds to the number of possible privilege slots on the specified estate. These modifiers are defined in /Europa Universalis IV/common/estates_preload.,Additive
Estates,all_estate_influence_modifier,0.1,Modifies to the influence of all estates in the country,Multiplicative
Estates,all_estate_loyalty_equilibrium,0.1,Modifies to the loyalty equilibrium of all estates in the country.,Multiplicative
Estates,all_estate_possible_privileges,1,Adds to the number of possible privilege slots on all estates in the country.,Additive
Estates,allow_free_estate_privilege_revocation,yes,Allows to revoke estate privileges without having the loyalty higher than the estates influence,Constant
Estates,loyalty_change_on_revoked,0.05,Modifies the estate loyalty hit when a privilege is revoked.,Multiplicative
Estates,estate_interaction_cooldown_modifier,-0.2,Modifies the cooldown of the estate interactions like Seizing Land.,Multiplicative
Holy Roman Empire,imperial_authority,0.05,Modifies the impact of imperial authority gains.,Multiplicative
Holy Roman Empire,imperial_authority_value,0.1,Adds to the rate of imperial authority gained per month.,Additive
Holy Roman Empire,free_city_imperial_authority,0.1,Adds to the rate of imperial authority gained per month from Free Cities.,Additive
Holy Roman Empire,reasons_to_elect,10,Adds to the reasons a country should elect you as emperor,Additive
Holy Roman Empire,imperial_mercenary_cost,-0.1,Modifies the cost of mercenary companies for nations within the Holy Roman Empire.,Multiplicative
Holy Roman Empire,max_free_cities,3,Adds to the maximum number of free cities allowed.,Additive
Holy Roman Empire,max_electors,3,Adds to the maximum number of electors allowed.,Additive
Holy Roman Empire,legitimate_subject_elector,50,Adds to the elector desire for the current country to become Emperor (if they are a valid choice).,Additive
Holy Roman Empire,manpower_against_imperial_enemies,0.1,Adds to the total manpower pool when at war (doesn't matter if you are rivals),Additive
Holy Roman Empire,imperial_reform_catholic_approval,15,"Adds reasons for the country its applied to to vote for a reform of the Holy Roman Empire. This only has an effect on AI members of the HRE. The name of the modifier is confusing, because the modifier has nothing to do with religion at all and is also not a global modifier applied to the Emperor.",Additive
Culture,culture_conversion_cost,-0.25,Modifies the diplomatic power cost for culture conversion in provinces.,Multiplicative
Culture,culture_conversion_time,-0.1,Modifies the speed for culture conversion in provinces.,Multiplicative
Culture,num_accepted_cultures,1,Adds to the maximum number of accepted cultures a country can have.,Additive
Culture,promote_culture_cost,-0.25,Modifies the diplomatic power cost for promoting a culture.,Multiplicative
Culture,relation_with_same_culture,5,Modifiers this countries opinion of countries whose primary culture is the same.,Additive
Culture,relation_with_same_culture_group,5,Modifies this countries opinion of countries whose primary culture is in the same culture group but do not share the same primary culture.,Additive
Culture,relation_with_accepted_culture,5,Modifies this countries opinion of countries whose primary culture is an accepted culture.,Additive
Culture,relation_with_other_culture,5,Modifies this countries opinion of countries that are not within the same culture group and whose culture they do not accept.,Additive
Stability,can_not_declare_war,yes,Fobids a country from declaring wars,Constant
Stability,global_unrest,-2,Adds to the base unrest value.,Additive
Stability,stability_cost_modifier,-0.1,Modifies the administrative power cost of raising stability.,Multiplicative
Stability,global_autonomy,-0.05,Adds to the monthly rate of autonomy in owned provinces.,Additive
Stability,min_autonomy,50,Sets the minimum autonomy level allowed in all owned provinces.,Constant
Stability,autonomy_change_time,-0.25,Modifies the cooldown for the autonomy reduction and increase buttons.,Multiplicative
Stability,harsh_treatment_cost,-0.2,Modifies the military power cost for using harsh treatment.,Multiplicative
Stability,global_rebel_suppression_efficiency,-0.2,Modifies the efficiency of unrest reduction by units stationed in provinces or deployed for autonomous rebel suppression.,Multiplicative
Stability,years_of_nationalism,-5,Adds to the base separatism value of provinces when conquered.,Additive
Stability,min_autonomy_in_territories,0.1,Modifies the minimum autonomy experienced in territories.,Additive
Stability,unrest_catholic_provinces,-2,Modifies the local unrest in all provinces of the catholic religion,Additive
Stability,no_stability_loss_on_monarch_death,yes,Removes the stability penalty that occurs when ruler dies.,Constant
Stability,overextension_impact_modifier,-0.1,Modifies the impact of conquered provinces in regards to the overextension.,Multiplicative
Subject,vassal_forcelimit_bonus,0.2,Modifies the bonus to a country's forcelimit from their subjects.,Multiplicative
Subject,vassal_naval_forcelimit_bonus,0.2,Modifies the bonus to a country's naval forcelimit from their subjects.,Multiplicative
Subject,vassal_manpower_bonus,0.1,Modifies the bonus to a country's manpower from their subjects.,Multiplicative
Subject,vassal_sailors_bonus,0.1,Modifies the bonus to a country's sailors from their subjects.,Multiplicative
Subject,vassal_income,0.2,Modifies the bonus to a country's income from their subjects.,Multiplicative
Subject,overlord_naval_forcelimit,10,Adds to the bonus to a country's naval forcelimit to their overlord. Applied to the subject.,Additive
Subject,overlord_naval_forcelimit_modifier,0.3,Modifies the bonus to a country's naval forcelimit to their overlord. Applied to the subject.,Multiplicative
Subject,can_transfer_vassal_wargoal,yes,Allows usage of the ‘Transfer Subject’ peace term at half cost.,Constant
Subject,liberty_desire,-10,Adds to subject liberty desire against their overlord.,Additive
Subject,liberty_desire_from_subject_development,-0.25,"Modifies the subject liberty desire from development against their overlord (Note: Tooltip is bugged as of 1.29. A modifier of -0.2 shows as ""-0.20%"" when it reduces it by 20%).",Multiplicative
Subject,reduced_liberty_desire,10,Adds to the liberty desire subjects have against their overlord. Applied to the overlord.,Additive
Subject,reduced_liberty_desire_on_same_continent,10,Adds to the liberty desire subjects have against their overlord if on the same continent. Applied to the overlord.,Additive
Subject,reduced_liberty_desire_on_other_continent,10,Adds to the liberty desire subjects have against their overlord if on the other continent. Applied to the overlord.,Additive
Subject,allow_client_states,yes,Allows a country to create client states.,Constant
Subject,colonial_type_change_cost_modifier,-0.2,Modifies the cost of changing colonial type.,Multiplicative
Subject,colonial_subject_type_upgrade_cost_modifier,-0.2,Modifies the cost of upgrading colonial subject type.,Multiplicative
Subject,years_to_integrate_personal_union,-5,Adds to the years it takes to integrate a personal union,Additive
Subject,chance_to_inherit,0.5,Modifies the chance to inherit a personal union when ruler dies.,Multiplicative
Subject,monarch_power_tribute,1,Adds to the yearly monarch power tribute a tributary pays to its overlord.,Additive
Subject,tributary_conversion_cost_modifier,-0.5,"Modifies the cost of the mandate that is required to turn a tributary into a vassal, which is unlocked via the final reform of the mandate.",Multiplicative
Subject,annexation_relations_impact,-0.25,Modifies the impact of the relations applied to all subjects when their overlord is annexing a subject. Applied to the overlord.,Multiplicative
Espionage,spy_offence,0.1,Modifies the base effectiveness of spies against enemies.,Multiplicative
Espionage,global_spy_defence,0.1,Modifies the base effectiveness of counter-espionage against enemy spies.,Multiplicative
Espionage,fabricate_claims_cost,-0.2,Modifies spy network cost for fabricating claim.,Multiplicative
Espionage,claim_duration,0.2,Modifies the duration of claims. (not used in vanilla),Multiplicative
Espionage,can_chain_claim,yes,Allows to chain claims,Constant
Espionage,discovered_relations_impact,-0.1,Modifies the relations impact applied to a country when discovered committing an espionage action.,Multiplicative
Espionage,rebel_support_efficiency,0.5,Modifies the effectiveness of supported rebels in other countries.,Multiplicative
Espionage,can_claim_states,yes,Allows to fabricate claims on areas instead of provinces.,Constant
Espionage,no_claim_cost_increasement,yes,Removes the additional cost for fabricating a claim if a country already have a claim on the target country.,Constant
Espionage,spy_action_cost_modifier,-0.2,Modifies the spy network costs of all spy actions.,Multiplicative
Religion,global_missionary_strength,0.03,Adds to the base missionary strength against all religions.,Additive
Religion,global_heretic_missionary_strength,0.03,Adds to the base missionary strength against heretic religions.,Additive
Religion,global_heathen_missionary_strength,0.03,Adds to the base missionary strength against heathen religions.,Additive
Religion,can_not_build_missionaries,yes,Forbids a country to convert provinces with missionaries.,Constant
Religion,may_not_convert_territories,yes,Forbids a country to convert territory provinces with missionaries.,Constant
Religion,missionaries,1,Adds to the base missionary count for a country.,Additive
Religion,missionary_maintenance_cost,-0.1,Modifies the cost of missionary maintenance while converting provinces.,Multiplicative
Religion,religious_unity,0.5,Adds to the base religious unity value for a country.,Additive
Religion,tolerance_own,1,Adds to the base tolerance for the true faith within a country.,Additive
Religion,tolerance_heretic,1,Adds to the base tolerance for heretics within a country.,Additive
Religion,tolerance_heathen,1,Adds to the base tolerance for heathens within a country.,Additive
Religion,tolerance_of_heretics_capacity,1,Adds to the maximum tolerance for heretics within a country.,Additive
Religion,tolerance_of_heathens_capacity,1,Adds to the maximum tolerance for heathens within a country.,Additive
Religion,papal_influence,0.5,Adds to the rate of papal influence gained per year.,Additive
Religion,papal_influence_from_cardinals,1.0,Modifiers the papal influence gain from holding cardinals.,Multiplicative
Religion,appoint_cardinal_cost,-0.5,Modifiers the cost of appointing a cardinal.,Multiplicative
Religion,curia_treasury_contribution,0.1,Modifies the amount of treasury contribution to the Curia.,Multiplicative
Religion,curia_powers_cost,0.1,Modifies the papal influence cost of the curia actions.,Multiplicative
Religion,monthly_church_power,0.02,Adds to the monthly gained churchpower,Additive
Religion,church_power_modifier,0.5,Modifies the effectiveness of church power gains.,Multiplicative
Religion,monthly_fervor_increase,1,Adds to the rate of fervor gained per month.,Additive
Religion,yearly_patriarch_authority,0.1,Adds to the amount of yearly patriarch authority gained.,Additive
Religion,monthly_piety,0.1,Adds to the rate of piety gained per month.,Additive
Religion,monthly_piety_accelerator,0.001,Increases the rate of piety gained per month when piety is above zero. Reduces the rate of piety gained per month when piety is below zero.,Additive
Religion,harmonization_speed,0.2,Modifies the rate at which harmonization occurs.,Multiplicative
Religion,yearly_harmony,1,Adds to the rate of harmony gained per year.,Additive
Religion,monthly_karma,0.1,Adds to the rate of karma gained per month.,Additive
Religion,monthly_karma_accelerator,0.02,Increases the rate of karma gained per month when karma is above zero. Reduces the rate of karma gained per month when karma is below zero.,Additive
Religion,yearly_karma_decay,0.005,Modifies the yearly decay rate of Karma towards 0.,Multiplicative
Religion,yearly_doom_reduction,0.5,Adds to the yearly reduction rate of doom.,Additive
Religion,yearly_authority,1,Adds to the rate of Inti authority gained per year.,Additive
Religion,enforce_religion_cost,-0.5,Modifies the war score cost for the Enforce Religion peace term.,Multiplicative
Religion,prestige_per_development_from_conversion,0.5,Adds to the prestige bonus gained per development when successfully converting a province to a state religion.,Additive
Religion,warscore_cost_vs_other_religion,-0.25,Modifies the war score costs for peace terms while in war against countries of a different religion.,Multiplicative
Religion,establish_order_cost,-0.1,Modifies the cost for using the ‘Establish Order’ action.,Multiplicative
Religion,global_religious_conversion_resistance,-0.1,Adds to conversion resistance from centres of reformation in all provinces.,Multiplicative
Religion,relation_with_same_religion,5,Adds to this countries opinion towards other countries with the same religion.,Additive
Religion,relation_with_heretics,-20,Adds to this countries opinion towards other countries with heretic religions.,Additive
Religion,relation_with_heathens,-10,Adds to this countries opinion towards other countries with heathen religions.,Additive
Religion,reverse_relation_with_same_religion,25,Adds to the opinion of OTHER countries with the same religion towards this country.,Additive
Religion,reverse_relation_with_heretic_religion,25,Adds to the opinion of OTHER countries with heretic religions towards this country.,Additive
Religion,reverse_relation_with_heathen_religion,25,Adds to the opinion of OTHER countries with heathen religions towards this country.,Additive
Religion,no_religion_penalty,yes,Removes the penalties associated with negative religious tolerance.,Constant
Religion,extra_manpower_at_religious_war,yes,Grants an increase in manpower recovery by a factor of 3 during religious wars.,Constant
Colonisation,can_not_build_colonies,yes,Forbids the country to form colonies,Constant
Colonisation,colonists,1,Modifies the base colonist count for a country.,Additive
Colonisation,colonist_placement_chance,0.05,"Adds to the base colonial placement chance for colonists, which is the chance that additional settlers will be spawned while the colonist is present.",Additive
Colonisation,global_colonial_growth,10,Adds to the base yearly colonial growth gain.,Additive
Colonisation,colony_cost_modifier,1,Modifies the colonial maintenance cost for a country.,Multiplicative
Colonisation,range,0.5,"Modifies the base colonisation range, used for exploration, colonisation and coring province that border sea.",Multiplicative
Colonisation,native_uprising_chance,-0.25,Adds to the chance of native uprisings in a colony province.,Multiplicative
Colonisation,native_assimilation,0.25,Modifies the bonus from assimilation in colonies. Native assimilation is bonus to goods produced depends on the native population.,Multiplicative
Colonisation,migration_cost,-0.2,Modifies the cost for the migration action for primitive nations that can migrate.,Multiplicative
Colonisation,global_tariffs,0.25,Modifies the tariff income from colonial nations.,Multiplicative
Colonisation,treasure_fleet_income,0.1,Modifies the income from treasure fleets sent by colonial nations.,Multiplicative
Colonisation,expel_minorities_cost,-0.1,Modifies the cost of using the ‘Expel Minorities’ action.,Multiplicative
Colonisation,may_explore,yes,Allows the recruitment of explorers and conquisadors.,Constant
Colonisation,auto_explore_adjacent_to_colony,yes,Grants the abiliy to automatically discover undiscovered provinces adjacent to colonies.,Constant
Colonisation,may_establish_frontier,yes,Allows the usage of the Siberian frontier mechanic.,Constant
Colonisation,free_maintenance_on_expl_conq,yes,Removes maintenance cost for explorers and conquisadors.,Constant
Colonisation,colony_development_boost,1,"Grants bonus tax, production and manpower on completed colonies.",Additive
Trade,caravan_power,0.2,Modifies the bonus trade power inland nodes receive from trade power sources.,Multiplicative
Trade,can_not_send_merchants,yes,Forbids a nations to send merchants to trade nodes,Constant
Trade,merchants,1,Adds to the base merchant count for a country.,Additive
Trade,placed_merchant_power,3,Adds to the additional trade power when a merchant present in a trade node.,Additive
Trade,placed_merchant_power_modifier,0.5,Modifies the additional trade power when a merchant present in a trade node.,Multiplicative
Trade,global_trade_power,0.1,Modifies the trade power in all trade nodes for a country.,Multiplicative
Trade,global_foreign_trade_power,0.1,Modifies the trade power for a country in trade nodes that are not domestic.,Multiplicative
Trade,global_own_trade_power,0.1,Modifies the trade power for a country in trade nodes that are domestic.,Multiplicative
Trade,global_prov_trade_power_modifier,0.1,Modifies the base trade power of owned provinces.,Multiplicative
Trade,global_trade_goods_size_modifier,0.1,Modifies the base trade good size of owned provinces.,Multiplicative
Trade,global_trade_goods_size,0.1,Adds to the trade good size in a country,Additive
Trade,trade_efficiency,0.1,Modifies a country's trade income. (Maximum is 200%),Multiplicative
Trade,trade_range_modifier,0.25,Modifies the trade range used to determine if a country can place a merchant in a trade node.,Multiplicative
Trade,trade_steering,0.1,"Modifies the bonus to trade power used for steering when determining which outgoing node trade is steered to. If you have a merchant present, it also slightly increases the outgoing value.",Multiplicative
Trade,global_ship_trade_power,0.2,Modifies the trade power ships grant when protecting trade.,Multiplicative
Trade,privateer_efficiency,0.2,Modifies the effectiveness of privateers in a trade node.,Multiplicative
Trade,embargo_efficiency,0.25,Modifies the effectiveness of embargoing another country.,Multiplicative
Trade,ship_power_propagation,0.1,Modifies the propagation of trade power from ships protecting trade.,Multiplicative
Trade,center_of_trade_upgrade_cost,-0.1,Modifies the cost of upgrading a center of trade in a province.,Multiplicative
Trade,trade_company_investment_cost,-0.1,Modifies the cost of purchasing a trade company investment in a state.,Multiplicative
Trade,mercantilism_cost,-0.1,Modifies the cost of the ‘Boost Mercantilism’ action.,Multiplicative
Trade,reduced_trade_penalty_on_non_main_tradenode,0.25,Modifies the trade power penalty from collecting in your non-main trade nodes.,Multiplicative
