tag,name,ideaset,idea_key,superregion,region,formable
REB,Rebels,,,,,no
PIR,Pirates,Piratical Ideas,pirate_ideas,,,no
NAT,Natives,Native Ideas,native_ideas,,,no
SWE,Sweden,Swedish Ideas,SWE_ideas,Western Europe,Scandinavia,no
DAN,Denmark,Danish Ideas,DAN_ideas,Western Europe,Scandinavia,yes
FIN,Finland,Finnish Ideas,FIN_ideas,Western Europe,Scandinavia,no
GOT,Gotland,Gutnish Ideas,GOT_ideas,Western Europe,Scandinavia,no
NOR,Norway,Norwegian Ideas,NOR_ideas,Western Europe,Scandinavia,no
SHL,Holstein,Holstein Ideas,SHL_ideas,Western Europe,North Germany,no
SCA,Scandinavia,Scandinavian Ideas,SCA_ideas,Western Europe,Scandinavia,yes
EST,Estonia,Estonian Ideas,EST_ideas,Eastern Europe,Baltic,no
LVA,Livonia,Livonian Ideas,LVA_ideas,Eastern Europe,Baltic,yes
LTG,Latgalia,Latgalian Ideas,LTG_ideas,Eastern Europe,Baltic,no
SMI,Sápmi,Sami Ideas,SMI_ideas,Western Europe,Scandinavia,no
KRL,Karelia,Karelian Ideas,KRL_ideas,Eastern Europe,Russia,no
ICE,Iceland,Icelandic Ideas,ICE_ideas,Western Europe,Scandinavia,yes
ACH,Achaea,,,Eastern Europe,Balkans,no
ALB,Albania,Albanian Ideas,ALB_ideas,Eastern Europe,Balkans,no
ATH,Athens,Athenian Ideas,ATH_ideas,Eastern Europe,Balkans,no
BOS,Bosnia,Bosnian Ideas,BOS_ideas,Eastern Europe,Balkans,no
BUL,Bulgaria,Bulgarian Ideas,BUL_ideas,Eastern Europe,Balkans,yes
BYZ,Byzantium,Byzantine Ideas,BYZ_ideas,Eastern Europe,Balkans,yes
LAE,Latin Empire,Latin Ideas,LAE_ideas,Eastern Europe,Balkans,yes
CEP,Corfu,Ionian Ideas,CEP_ideas,Eastern Europe,Balkans,no
CRO,Croatia,Croatian Ideas,CRO_ideas,Eastern Europe,Balkans,yes
CRT,Crete,,,Eastern Europe,Balkans,no
CYP,Cyprus,Cypriot Ideas,CYP_ideas,Levant,Anatolia,no
DAL,Dalmatia,Dalmatian Ideas,DAL_ideas,Eastern Europe,Balkans,yes
EPI,Epirus,Epirote Ideas,EPI_ideas,Eastern Europe,Balkans,no
GRE,Greece,Greek Ideas,greek_ideas,Eastern Europe,Balkans,yes
KNI,The Knights,Knights Hospitaller Ideas,KNI_ideas,Levant,Anatolia,no
MOE,Morea,,,Eastern Europe,Balkans,yes
MOL,Moldavia,Moldavian Ideas,MOL_ideas,Eastern Europe,Carpathia,no
MON,Montenegro,Montenegrin Ideas,MON_ideas,Eastern Europe,Balkans,no
NAX,Naxos,Naxian Ideas,NAX_ideas,Levant,Anatolia,no
RAG,Ragusa,Ragusan Ideas,RAG_ideas,Eastern Europe,Balkans,no
RMN,Romania,Romanian Ideas,RMN_ideas,Eastern Europe,Carpathia,yes
SER,Serbia,Serbian Ideas,SER_ideas,Eastern Europe,Balkans,no
TRA,Transylvania,Transylvanian Ideas,TRA_ideas,Eastern Europe,Carpathia,yes
WAL,Wallachia,Wallachian Ideas,WAL_ideas,Eastern Europe,Carpathia,no
HUN,Hungary,Hungarian Ideas,HUN_ideas,Eastern Europe,Carpathia,yes
SLO,Nitra,Slovak Ideas,SLO_ideas,Eastern Europe,Carpathia,no
TUR,Ottomans,Ottoman Ideas,TUR_ideas,Eastern Europe,Balkans,no
CNN,Clanricarde,Clanricarde Ideas,CNN_ideas,Western Europe,Britain,no
CRN,Cornwall,Cornish Ideas,CRN_ideas,Western Europe,Britain,no
ENG,England,English Ideas,ENG_ideas,Western Europe,Britain,yes
LEI,Leinster,Leinster Ideas,LEI_ideas,Western Europe,Britain,no
IRE,Ireland,Irish Ideas,irish_ideas,Western Europe,Britain,yes
MNS,Thomond,Thomondian Ideas,MNS_ideas,Western Europe,Britain,no
SCO,Scotland,Scottish Ideas,SCO_Ideas,Western Europe,Britain,yes
TYR,Tyrone,Tyrone Ideas,TYR_ideas,Western Europe,Britain,no
WLS,Wales,Welsh Ideas,WLS_ideas,Western Europe,Britain,no
NOL,Northumberland,Northumbrian Ideas,NOL_ideas,Western Europe,Britain,no
GBR,Great Britain,British ideas,GBR_ideas,Western Europe,Britain,yes
AVE,Angevin Kingdom,Angevin Ideas,AVE_ideas,Western Europe,France,yes
MTH,Meath,Meath Ideas,MTH_ideas,Western Europe,Britain,no
ULS,Ulster,Ulster Ideas,ULS_ideas,Western Europe,Britain,no
DMS,Desmond,Desmondian Ideas,DMS_ideas,Western Europe,Britain,no
SLN,Sligo,Sligonian Ideas,SLN_ideas,Western Europe,Britain,no
KID,Kildare,Kildarean Ideas,KID_ideas,Western Europe,Britain,no
HSC,Gaeldom,,,Western Europe,Britain,no
ORD,Ormond,Ormond Ideas,ORD_ideas,Western Europe,Britain,no
TRY,Tyrconnell,Tyrconnell Ideas,TRY_ideas,Western Europe,Britain,no
FLY,Offaly,Offaly Ideas,FLY_ideas,Western Europe,Britain,no
MCM,Munster,Munster Ideas,MCM_ideas,Western Europe,Britain,no
KOI,Mann,Manx Ideas,KOI_ideas,Western Europe,Britain,no
LOI,The Isles,,,Western Europe,Britain,no
EIC,East India Company,East India Ideas,EIC_ideas,India,Bengal,no
BRZ,Brazil,Brazilian Ideas,BRZ_ideas,Amazonia,Brazil,yes
CAN,Canada,Canadian Ideas,CAN_ideas,North America,Canada,yes
CHL,Chile,,,Andes,La Plata,yes
COL,Colombia,,,Amazonia,Colombia,yes
HAT,Haiti,,,Central America,Caribbeans,yes
LAP,La Plata,,,Andes,La Plata,yes
LOU,Louisiana,,,North America,Mississippi,yes
MEX,Mexico,Mexican Ideas,MEX_ideas,Central America,Mexico,yes
PEU,Peru,,,Andes,Peru,yes
PRG,Paraguay,,,Andes,Upper Peru,yes
QUE,Quebec,Québécois Ideas,QUE_ideas,North America,Canada,yes
CAM,United Central America,,,Central America,Central America,yes
USA,United States,American Ideas,USA_ideas,North America,Northeast,yes
VNZ,Venezuela,,,Amazonia,Colombia,yes
AUS,Australia,Australian Ideas,AUS_ideas,Oceania,Australia,yes
CAL,California,,,Central America,California,yes
TEX,Texas,Texan Ideas,TEX_ideas,Central America,Rio Grande,yes
CSC,Cascadia,Cascadian Ideas,CSC_ideas,North America,Cascadia,yes
ALA,Alaska,Alaskan Ideas,ALA_ideas,North America,Cascadia,yes
NZL,Zealandia,Kiwi Ideas,NZL_ideas,Oceania,Australia,yes
ILI,Illinois,,,North America,Great Lakes,yes
FLO,Florida,,,North America,Mississippi,yes
VRM,Vermont,Vermont Ideas,VRM_ideas,North America,Northeast,yes
SNA,Sonora,Sonoran Ideas,SNA_ideas,Central America,California,yes
WSI,West Indies,West Indies Ideas,WSI_ideas,Central America,Caribbeans,yes
CUB,Cuba,,,Central America,Caribbeans,yes
DNZ,Danzig,Danziger Ideas,DNZ_ideas,Eastern Europe,Baltic,yes
KRA,Krakow,Krakowian Ideas,KRA_ideas,Eastern Europe,Poland,no
LIT,Lithuania,Lithuanian Ideas,LIT_ideas,Eastern Europe,Baltic,no
LIV,Livonian Order,Livonian Knight Ideas,LIV_ideas,Eastern Europe,Baltic,no
MAZ,Mazovia,Mazovian Ideas,MAZ_ideas,Eastern Europe,Poland,no
POL,Poland,Polish Ideas,POL_ideas,Eastern Europe,Poland,yes
PRU,Prussia,Prussian Ideas,PRU_ideas,Eastern Europe,Baltic,yes
KUR,Kurland,Couronian Ideas,KUR_ideas,Eastern Europe,Baltic,yes
RIG,Riga,Rigan Ideas,RIG_ideas,Eastern Europe,Baltic,no
TEU,Teutonic Order,Teutonic Ideas,TEU_ideas,Eastern Europe,Baltic,no
PLC,Commonwealth,PLC Ideas,PLC_ideas,Eastern Europe,Poland,yes
VOL,Galicia–Volhynia,,,Eastern Europe,Ruthenia,no
KIE,Kiev,Kievan Ideas,KIE_ideas,Eastern Europe,Ruthenia,no
CHR,Chernigov,Chernihiv Ideas,CHR_ideas,Eastern Europe,Ruthenia,no
OKA,Odoyev,Odoyev Ideas,OKA_ideas,Eastern Europe,Russia,no
ALE,Alençon,,,Western Europe,France,no
ALS,Strasbourg,,,Western Europe,South Germany,no
AMG,Armagnac,,,Western Europe,France,no
AUV,Auvergne,,,Western Europe,France,no
AVI,Avignon,,,Western Europe,France,no
BOU,Bourbonnais,,,Western Europe,France,no
BRI,Brittany,Breton Ideas,BRI_ideas,Western Europe,France,no
BUR,Burgundy,Burgundian Ideas,BUR_Ideas,Western Europe,France,no
CHP,Champagne,,,Western Europe,France,no
COR,Corsica,Corsican Ideas,COR_ideas,Western Europe,Italy,no
DAU,Dauphine,,,Western Europe,France,no
FOI,Foix,,,Western Europe,France,no
FRA,France,French Ideas,FRA_ideas,Western Europe,France,yes
GUY,Gascony,,,Western Europe,France,no
NEV,Nevers,Nivernais Ideas,NEV_ideas,Western Europe,France,no
NRM,Normandy,Norman Ideas,NRM_ideas,Western Europe,France,no
ORL,Orleans,Orleanaise Ideas,ORL_ideas,Western Europe,France,no
PIC,Picardy,,,Western Europe,France,no
PRO,Provence,Provençal Ideas,PRO_ideas,Western Europe,France,no
SPI,Sardinia-Piedmont,Sardinian-Piedmontese Ideas,SPI_ideas,Western Europe,Italy,yes
TOU,Toulouse,,,Western Europe,France,no
BER,Berry,,,Western Europe,France,no
AAC,Aachen,Aachen Ideas,AAC_ideas,Western Europe,North Germany,no
ANH,Anhalt,Anhalt Ideas,ANH_ideas,Western Europe,North Germany,no
ANS,Ansbach,Ansbach Ideas,ANS_ideas,Western Europe,South Germany,no
AUG,Augsburg,Augsburger Ideas,AUG_ideas,Western Europe,South Germany,no
BAD,Baden,Baden Ideas,BAD_ideas,Western Europe,South Germany,no
BAV,Bavaria,Bavarian Ideas,BAV_ideas,Western Europe,South Germany,yes
BOH,Bohemia,Bohemian Ideas,BOH_ideas,Western Europe,North Germany,no
BRA,Brandenburg,Brandenburg Ideas,BRA_ideas,Western Europe,North Germany,no
BRE,Bremen,Bremen Ideas,BRE_ideas,Western Europe,North Germany,no
BRU,Brunswick,Brunswicker Ideas,BRU_ideas,Western Europe,North Germany,no
EFR,East Frisia,East Frisian Ideas,EFR_ideas,Western Europe,Low Countries,no
FRN,Frankfurt,Frankfurter Ideas,FRN_ideas,Western Europe,North Germany,no
GER,Germany,Imperial German Ideas,GER_ideas,Western Europe,North Germany,yes
HAB,Austria,Austrian Ideas,HAB_ideas,Western Europe,South Germany,yes
HAM,Hamburg,Hamburger Ideas,HAM_ideas,Western Europe,North Germany,no
HAN,Hanover,Hanoverian Ideas,HAN_ideas,Western Europe,North Germany,yes
HES,Hesse,Hessian Ideas,HES_ideas,Western Europe,North Germany,no
HLR,Holy Roman Empire,Holy Roman Ideas,HLR_ideas,Western Europe,South Germany,yes
KLE,Cleves,Clevian Ideas,KLE_ideas,Western Europe,North Germany,no
KOL,Cologne,Colognian Ideas,KOL_ideas,Western Europe,North Germany,no
LAU,Saxe-Lauenburg,Saxe-Lauenburg Ideas,LAU_ideas,Western Europe,North Germany,no
LOR,Lorraine,Lorraine Ideas,LOR_ideas,Western Europe,France,no
LUN,Lüneburg,Lüneburger Ideas,LUN_ideas,Western Europe,North Germany,no
MAG,Magdeburg,,,Western Europe,North Germany,no
MAI,Mainz,Mainzian Ideas,MAI_ideas,Western Europe,North Germany,no
MEI,Meissen,,,Western Europe,North Germany,no
MKL,Mecklenburg,,,Western Europe,North Germany,no
MUN,Münster,Münster Ideas,MUN_ideas,Western Europe,North Germany,no
MVA,Moravia,Moravian Ideas,MVA_ideas,Western Europe,North Germany,no
OLD,Oldenburg,,,Western Europe,North Germany,no
PAL,The Palatinate,Palatinate Ideas,PAL_ideas,Western Europe,South Germany,no
POM,Pomerania,Pomeranian Ideas,POM_ideas,Western Europe,North Germany,yes
SAX,Saxony,Saxon Ideas,SAX_ideas,Western Europe,North Germany,yes
SIL,Silesia,Silesian Ideas,SIL_ideas,Eastern Europe,Poland,yes
SLZ,Salzburg,,,Western Europe,South Germany,no
STY,Styria,Austrian Ideas,HAB_ideas,Western Europe,South Germany,no
SWI,Switzerland,Swiss Ideas,SWI_ideas,Western Europe,South Germany,yes
THU,Thuringia,Thüringian Ideas,THU_ideas,Western Europe,North Germany,no
TIR,Tirol,,,Western Europe,South Germany,no
TRI,Trier,Trierian Ideas,TRI_ideas,Western Europe,North Germany,no
ULM,Ulm,Ulmer Ideas,ULM_ideas,Western Europe,South Germany,no
WBG,Wurzburg,Wurzburgian Ideas,WBG_ideas,Western Europe,South Germany,no
WES,Westphalia,Westphalian Ideas,WES_ideas,Western Europe,North Germany,yes
WUR,Wurttemberg,Württemberger Ideas,WUR_ideas,Western Europe,South Germany,no
NUM,Nuremberg,Nuremberger Ideas,NUM_ideas,Western Europe,South Germany,no
MEM,Memmingen,,,Western Europe,South Germany,no
VER,Verden,Bremen Ideas,BRE_ideas,Western Europe,North Germany,no
NSA,Nassau,,,Western Europe,North Germany,no
RVA,Dortmund,Dortmund Ideas,RVA_ideas,Western Europe,North Germany,no
DTT,Dithmarschen,Dithmarscher Ideas,DTT_ideas,Western Europe,North Germany,no
AUH,Austria-Hungary,Austro-Hungarian Ideas,AUH_ideas,Western Europe,South Germany,yes
GMA,Great Moravia,Great Moravian Ideas,GMA_ideas,Western Europe,North Germany,yes
ARA,Aragon,Aragonese Ideas,ARA_ideas,Western Europe,Iberia,no
CAS,Castile,Castilian Ideas,CAS_ideas,Western Europe,Iberia,no
CAT,Catalonia,Catalan Ideas,CAT_ideas,Western Europe,Iberia,no
GRA,Granada,Granada Ideas,GRA_ideas,Western Europe,Iberia,no
NAV,Navarra,Navarran Ideas,NAV_ideas,Western Europe,Iberia,no
POR,Portugal,Portuguese Ideas,POR_ideas,Western Europe,Iberia,no
SPA,Spain,Spanish Ideas,SPA_ideas,Western Europe,Iberia,yes
GAL,Galicia,Galician Ideas,GAL_ideas,Western Europe,Iberia,no
LON,León,Leonese Ideas,LON_ideas,Western Europe,Iberia,no
ADU,Andalusia,Andalusian Ideas,ADU_ideas,Western Europe,Iberia,yes
VAL,Valencia,Catalan Ideas,CAT_ideas,Western Europe,Iberia,no
ASU,Asturias,Asturian Ideas,ASU_ideas,Western Europe,Iberia,no
MJO,Majorca,Catalan Ideas,CAT_ideas,Western Europe,Iberia,no
AQU,Aquileia,,,Western Europe,Italy,no
ETR,Etruria,,,Western Europe,Italy,no
FER,Ferrara,Ferraran Ideas,FER_ideas,Western Europe,Italy,no
GEN,Genoa,Genoese Ideas,GEN_Ideas,Western Europe,Italy,no
ITA,Italy,Italian Ideas,ITA_ideas,Western Europe,Italy,yes
MAN,Mantua,Mantuan Ideas,MAN_ideas,Western Europe,Italy,no
MLO,Milan,Milanese Ideas,MLO_ideas,Western Europe,Italy,no
MOD,Modena,,,Western Europe,Italy,no
NAP,Naples,Neapolitan Ideas,NAP_ideas,Western Europe,Italy,no
PAP,The Papal State,Papal Ideas,PAP_ideas,Western Europe,Italy,no
PAR,Parma,,,Western Europe,Italy,no
PIS,Pisa,Pisan Ideas,PIS_ideas,Western Europe,Italy,no
SAR,Sardinia,Sardinian Ideas,SAR_ideas,Western Europe,Italy,no
SAV,Savoy,Savoyard Ideas,SAV_ideas,Western Europe,France,no
SIC,Sicily,Sicilian Ideas,SIC_ideas,Western Europe,Italy,no
SIE,Siena,Sienese Ideas,SIE_ideas,Western Europe,Italy,no
TUS,Tuscany,Tuscan Ideas,TUS_ideas,Western Europe,Italy,yes
URB,Urbino,Urbinate Ideas,URB_ideas,Western Europe,Italy,no
VEN,Venice,Venetian Ideas,VEN_ideas,Western Europe,Italy,no
MFA,Montferrat,Montferrat Ideas,MFA_ideas,Western Europe,Italy,no
LUC,Lucca,Luccan Ideas,LUC_ideas,Western Europe,Italy,no
LAN,Florence,Tuscan Ideas,TUS_ideas,Western Europe,Italy,no
JAI,Malta,,,Western Europe,Italy,no
BRB,Brabant,Brabant Ideas,BRB_ideas,Western Europe,Low Countries,no
FLA,Flanders,Flemish Ideas,FLA_ideas,Western Europe,Low Countries,no
FRI,Friesland,Frisian Ideas,FRI_ideas,Western Europe,Low Countries,no
GEL,Gelre,Gelre Ideas,GEL_ideas,Western Europe,Low Countries,no
HAI,Hainaut,,,Western Europe,Low Countries,no
HOL,Holland,Dutch Ideas,NED_ideas,Western Europe,Low Countries,no
LIE,Liege,Liège Ideas,LIE_ideas,Western Europe,Low Countries,no
LUX,Luxembourg,Luxembourg Ideas,LUX_ideas,Western Europe,Low Countries,no
NED,Netherlands,Dutch Ideas,NED_ideas,Western Europe,Low Countries,yes
UTR,Utrecht,Utrecht Ideas,UTR_ideas,Western Europe,Low Countries,no
VOC,Vereenigde Oostindische Compagnie,Vereenigde Oostindische Compagnie Ideas,voc_ideas,India,Bengal,no
ARM,Armenia,Armenian Ideas,ARM_ideas,Persia,Caucasia,yes
AST,Astrakhan,,,Eastern Europe,Pontic Steppe,no
CRI,Crimea,Crimean Ideas,CRI_ideas,Eastern Europe,Pontic Steppe,no
GEO,Georgia,Georgian Ideas,GEO_ideas,Persia,Caucasia,yes
KAZ,Kazan,Kazani Ideas,KAZ_ideas,Eastern Europe,Ural,no
MOS,Muscovy,Muscovite Ideas,MOS_ideas,Eastern Europe,Russia,no
NOV,Novgorod,Novgorod Ideas,NOV_ideas,Eastern Europe,Russia,no
PSK,Pskov,Pskovian Ideas,PSK_ideas,Eastern Europe,Russia,no
QAS,Qasim,,,Eastern Europe,Russia,no
RUS,Russia,Russian Ideas,RUS_ideas,Eastern Europe,Russia,yes
RYA,Ryazan,Ryazan Ideas,RYA_ideas,Eastern Europe,Russia,no
TVE,Tver,Tverian Ideas,TVE_ideas,Eastern Europe,Russia,no
UKR,Ruthenia,Ruthenian Ideas,UKR_ideas,Eastern Europe,Ruthenia,yes
YAR,Yaroslavl,Yaroslavlyian Ideas,YAR_ideas,Eastern Europe,Russia,no
ZAZ,Zaporozhie,Zaporozhian Ideas,ZAZ_ideas,Eastern Europe,Pontic Steppe,no
NOG,Nogai,,,Tartary,Central Asia,no
SIB,Sibir,,,Tartary,West Siberia,no
PLT,Polotsk,Polotskian Ideas,PLT_ideas,Eastern Europe,Russia,no
PRM,Perm,Permian Ideas,PRM_ideas,Eastern Europe,Ural,no
FEO,Theodoro,Theodoro Ideas,FEO_ideas,Eastern Europe,Pontic Steppe,no
BSH,Bashkiria,,,Eastern Europe,Ural,no
BLO,Beloozero,Beloozero Ideas,BLO_ideas,Eastern Europe,Russia,no
RSO,Rostov,Rostov Ideas,RSO_ideas,Eastern Europe,Russia,no
GOL,Great Horde,,,Eastern Europe,Pontic Steppe,no
GLH,Golden Horde,Golden Horde Ideas,GLH_ideas,Eastern Europe,Ural,yes
ADE,Aden,Yemeni Ideas,YEM_ideas,Levant,Arabia,no
ALH,Haasa,Al-Haasa Ideas,ALH_ideas,Levant,Arabia,no
ANZ,Anizah,,,Levant,Arabia,no
ARB,Arabia,United Arabian Ideas,ARB_ideas,Levant,Arabia,yes
ARD,Ardalan,,,Persia,Persia,no
BHT,Soran,,,Persia,Persia,no
DAW,Dawasir,,,Levant,Arabia,no
ERE,Eretna,,,Levant,Anatolia,no
FAD,Fadl,,,Levant,Mashriq,no
GRM,Germiyan,,,Levant,Anatolia,no
HDR,Hadramut,Hadramhi Ideas,HDR_ideas,Levant,Arabia,no
HED,Hejaz,Hejazi Ideas,HED_ideas,Levant,Arabia,no
LEB,Lebanon,,,Levant,Mashriq,no
MAK,Makuria,,,Levant,Egypt,no
MDA,Medina,Hejazi Ideas,HED_ideas,Levant,Arabia,no
MFL,Mikhlaf,,,Levant,Arabia,no
MHR,Mahra,Mahri Ideas,MHR_ideas,Levant,Arabia,no
NAJ,Najd,Najdi Ideas,NAJ_ideas,Levant,Arabia,no
NJR,Najran,,,Levant,Arabia,no
OMA,Oman,Omani Ideas,OMA_ideas,Levant,Arabia,no
RAS,Rassids,Rassid Ideas,RAS_ideas,Levant,Arabia,no
SHM,Shammar,,,Levant,Arabia,no
SHR,Sharjah,,,Levant,Arabia,no
SRV,Shirvan,Shirvani Ideas,SRV_ideas,Persia,Caucasia,no
YAS,Yas,,,Levant,Arabia,no
YEM,Yemen,Yemeni Ideas,YEM_ideas,Levant,Arabia,yes
HSN,Hisn Kayfa,Ayyubid Ideas,HSN_ideas,Levant,Anatolia,no
BTL,Bitlis,,,Levant,Anatolia,no
AKK,Aq Qoyunlu,Aq Qoyunlu Ideas,AKK_ideas,Levant,Anatolia,no
AYD,Aydin,,,Levant,Anatolia,no
CND,Candar,Candarid Ideas,CND_ideas,Levant,Anatolia,no
DUL,Dulkadir,,,Levant,Anatolia,no
IRQ,Iraq,,,Levant,Mashriq,no
KAR,Karaman,Karamanid Ideas,KAR_ideas,Levant,Anatolia,no
SYR,Syria,,,Levant,Mashriq,no
TRE,Trebizond,Trebizond Ideas,TRE_ideas,Levant,Anatolia,no
SRU,Saruhan,,,Levant,Anatolia,no
MEN,Mentese,,,Levant,Anatolia,no
RAM,Ramazan,,,Levant,Anatolia,no
AVR,Avaria,,,Persia,Caucasia,no
MLK,Karabakh,Great Armenian Ideas,ARM1_ideas,Persia,Caucasia,no
SME,Samtskhe,Samtskhe Ideas,SME_ideas,Persia,Caucasia,no
ARL,Ardabil,Ardabili Ideas,ARL_ideas,Persia,Persia,no
MSY,Mushasha,Mushasha Ideas,MSY_ideas,Persia,Persia,no
RUM,Rûm,Rûmi Ideas,RUM_ideas,Levant,Anatolia,yes
ALG,Algiers,,,Northern Africa,Maghreb,yes
FEZ,Fez,,,Northern Africa,Maghreb,no
MAM,Mamluks,Mamluk Ideas,MAM_ideas,Levant,Egypt,yes
MOR,Morocco,Moroccan Ideas,MOR_ideas,Northern Africa,Maghreb,yes
TRP,Tripoli,,,Northern Africa,Maghreb,yes
TUN,Tunis,Tunisian Ideas,TUN_ideas,Northern Africa,Maghreb,yes
EGY,Egypt,Egyptian Ideas,EGY_ideas,Levant,Egypt,yes
KBA,Kabylia,,,Northern Africa,Maghreb,no
TFL,Tafilalt,,,Northern Africa,Maghreb,no
SOS,Sus,,,Northern Africa,Maghreb,no
TLC,Tlemcen,,,Northern Africa,Maghreb,no
TGT,Touggourt,,,Northern Africa,Maghreb,no
GHD,Djerid,,,Northern Africa,Maghreb,no
FZA,Fezzan,,,Northern Africa,Maghreb,no
MZB,Mzab,,,Northern Africa,Maghreb,no
SLE,Salé,Barbary Corsair Ideas,barbary_pirate_ideas,Western Europe,Britain,no
TET,Tétouan,Barbary Corsair Ideas,barbary_pirate_ideas,Northern Africa,Maghreb,no
MRK,Marrakesh,,,Northern Africa,Maghreb,no
KZH,Kazakh,,,Tartary,Central Asia,no
KHI,Khiva,Khivan Ideas,KHI_ideas,Tartary,Central Asia,no
SHY,Uzbek,,,Tartary,West Siberia,no
KOK,Ferghana,,,Tartary,Central Asia,no
BUK,Bukhara,Bukharan Ideas,BUK_ideas,Tartary,Central Asia,yes
AFG,Afghanistan,Afghan Ideas,AFG_ideas,Persia,Khorasan,no
KHO,Khorasan,Khorasani Ideas,KHO_ideas,Persia,Persia,no
PER,Persia,Persian Ideas,PER_ideas,Persia,Persia,yes
ERS,Eranshahr,Eranian Ideas,ERANSHAHR_ideas,Persia,Persia,yes
QAR,Qara Qoyunlu,Qara Qoyunlu Ideas,QAR_ideas,Persia,Persia,no
TIM,Timurids,Timurid Ideas,TIM_ideas,Persia,Khorasan,yes
TRS,Transoxiana,Transoxianian Ideas,TRS_ideas,Tartary,Central Asia,no
KRY,Gilan,,,Persia,Persia,no
CIR,Circassia,Circassian Ideas,CIR_ideas,Persia,Caucasia,no
GAZ,Gazikumukh,,,Persia,Caucasia,no
IME,Imereti,Georgian Ideas,GEO_ideas,Persia,Caucasia,no
TAB,Mazandaran,,,Persia,Persia,no
ORM,Hormuz,Hormuz Ideas,ORM_ideas,Persia,Persia,no
LRI,Luristan,Lur Ideas,LRI_ideas,Persia,Persia,no
SIS,Sistan,Sistani Ideas,SIS_ideas,Persia,Khorasan,no
BPI,Biapas,,,Persia,Persia,no
FRS,Fars,Farsi Ideas,FRS_ideas,Persia,Persia,no
KRM,Kerman,,,Persia,Persia,no
YZD,Yazd,,,Persia,Persia,no
ISF,Isfahan,,,Persia,Persia,no
TBR,Tabriz,,,Persia,Persia,no
BSR,Basra,,,Levant,Mashriq,no
MGR,Maregheh,,,Persia,Persia,no
QOM,Ajam,Ajami Ideas,QOM_ideas,Persia,Persia,no
AZT,Aztec,Aztec Ideas,AZT_ideas,Central America,Mexico,no
CHE,Cherokee,Cherokee Ideas,CHE_ideas,North America,Southeast,no
CHM,Chimu,Chimu Ideas,CHM_ideas,Andes,Peru,no
CRE,Creek,Creek Ideas,CRE_ideas,North America,Mississippi,yes
HUR,Huron,Huron Ideas,HUR_ideas,North America,Canada,yes
INC,Inca,Incan Ideas,INC_ideas,Andes,Peru,yes
IRO,Iroquois,Iroquois Ideas,IRO_ideas,North America,Northeast,yes
MAY,Maya,Mayan Ideas,mayan_ideas,Central America,Central America,yes
SHA,Shawnee,Shawnee Ideas,SHA_ideas,North America,Great Lakes,yes
ZAP,Zapotec,,,Central America,Mexico,no
ASH,Ashanti,Ashanti Ideas,ASH_ideas,Northern Africa,Niger,no
BEN,Benin,Beninese Ideas,BEN_ideas,Northern Africa,Guinea,no
ETH,Ethiopia,Ethiopian Ideas,ETH_ideas,Northern Africa,Horn of Africa,yes
KON,Kongo,Kongo Ideas,KON_ideas,Southern Africa,Congo,yes
MAL,Mali,Malian Ideas,MAL_ideas,Northern Africa,Niger,yes
NUB,Funj,,,Northern Africa,Horn of Africa,no
SON,Songhai,Songhai Ideas,SON_ideas,Northern Africa,Sahel,no
ZAN,Kilwa,Kilwan Ideas,ZAN_ideas,Southern Africa,East Africa,no
ZIM,Mutapa,Mutapan Ideas,ZIM_ideas,Southern Africa,South Africa,no
ADA,Adal,Adalite Ideas,ADA_ideas,Northern Africa,Horn of Africa,no
HAU,Hausa,Hausan Ideas,hausa_ideas,Northern Africa,Niger,yes
KBO,Kanem Bornu,Kanem Bornuan Ideas,KBO_ideas,Northern Africa,Sahel,no
LOA,Loango,Kongo Ideas,KON_ideas,Southern Africa,Congo,no
OYO,Oyo,Oyo Ideas,OYO_ideas,Northern Africa,Niger,no
SOF,Segu,,,Northern Africa,Niger,no
SOK,Sokoto,Fulani Jihad Ideas,fulani_jihad_ideas,Northern Africa,Niger,yes
JOL,Jolof,Jolof Ideas,JOL_ideas,Northern Africa,Guinea,no
SFA,Sofala,,,Southern Africa,South Africa,no
MBA,Mombasa,,,Southern Africa,East Africa,no
MLI,Malindi,,,Southern Africa,East Africa,no
AJU,Ajuuraan,Ajuuraan Ideas,AJU_ideas,Northern Africa,Horn of Africa,no
MDI,Mogadishu,Mogadishan Ideas,MDI_ideas,Northern Africa,Horn of Africa,no
ENA,Ennarea,,,Northern Africa,Horn of Africa,no
WGD,Wagadugu,,,Northern Africa,Niger,no
ZND,Zandoma,,,Northern Africa,Niger,no
GUR,Fada N'gourma,,,Northern Africa,Niger,no
TEN,Tenkodogo,,,Northern Africa,Niger,no
OGD,Ogaadeen,,,Northern Africa,Horn of Africa,no
ZUL,Zulu,Zulu Ideas,ZUL_ideas,Southern Africa,South Africa,no
SOM,Somalia,Somalian Ideas,SOM_ideas,Northern Africa,Horn of Africa,yes
AKS,Aksum,Aksumite Ideas,AKS_ideas,Northern Africa,Horn of Africa,yes
GZI,Zimbabwe,Zimbabwe Ideas,GZI_ideas,Southern Africa,South Africa,yes
NBI,Nubia,Nubian Ideas,NBI_ideas,Northern Africa,Horn of Africa,yes
RZI,Rozwi Empire,Butua Ideas,RZW_ideas,Southern Africa,South Africa,yes
KIT,Kitara,Kitaran Ideas,KIT_ideas,Southern Africa,Central Africa,yes
WAD,Wadai,,,Northern Africa,Sahel,no
AFA,Aussa,,,Northern Africa,Horn of Africa,no
ALO,Alodia,,,Northern Africa,Horn of Africa,no
DAR,Darfur,,,Northern Africa,Sahel,no
GLE,Geledi,,,Northern Africa,Horn of Africa,no
HAR,Harar,,,Northern Africa,Horn of Africa,no
HOB,Hobyo,,,Northern Africa,Horn of Africa,no
KAF,Kaffa,Kaffan Ideas,KAF_ideas,Northern Africa,Horn of Africa,no
MED,Medri Bahri,Medri Bahri Ideas,MED_ideas,Northern Africa,Horn of Africa,no
MJE,Majeerteen,,,Northern Africa,Horn of Africa,no
MRE,Marehan,,,Northern Africa,Horn of Africa,no
PTE,Pate,,,Southern Africa,East Africa,no
WAR,Warsangali,,,Northern Africa,Horn of Africa,no
BTI,Semien,Semien Ideas,BTI_ideas,Northern Africa,Horn of Africa,no
BEJ,Beja,,,Northern Africa,Horn of Africa,no
JIM,Jimma,,,Northern Africa,Horn of Africa,no
WLY,Welayta,,,Northern Africa,Horn of Africa,no
DAM,Damot,,,Northern Africa,Horn of Africa,no
HDY,Hadiya,,,Northern Africa,Horn of Africa,no
SOA,Shewa,,,Northern Africa,Horn of Africa,no
JJI,Janjiro,,,Northern Africa,Horn of Africa,no
ABB,Dongola,,,Northern Africa,Horn of Africa,no
TYO,Tyo,,,Southern Africa,Congo,no
SYO,Soyo,,,Southern Africa,Congo,no
KSJ,Kasanje,,,Southern Africa,Congo,no
LUB,Luba,Luban Ideas,LUB_ideas,Southern Africa,Central Africa,no
LND,Lunda,Lunda Ideas,LND_ideas,Southern Africa,Congo,no
CKW,Chokwe,,,Southern Africa,Central Africa,no
KIK,Kikondja,,,Southern Africa,Central Africa,no
KZB,Kazembe,,,Southern Africa,Central Africa,no
YAK,Yaka,,,Southern Africa,Congo,no
KLD,Kalundwe,,,Southern Africa,Central Africa,no
KUB,Kuba,Kuban Ideas,KUB_ideas,Southern Africa,Central Africa,no
RWA,Rwanda,,,Southern Africa,Central Africa,no
BUU,Burundi,,,Southern Africa,Central Africa,no
BUG,Buganda,,,Southern Africa,Central Africa,no
NKO,Nkore,,,Southern Africa,Central Africa,no
KRW,Karagwe,,,Southern Africa,Central Africa,no
BNY,Bunyoro,,,Southern Africa,Central Africa,no
BSG,Busoga,,,Southern Africa,Central Africa,no
UBH,Buha,,,Southern Africa,Central Africa,no
MRA,Maravi,Maravi Ideas,MRA_ideas,Southern Africa,East Africa,no
LDU,Lundu,,,Southern Africa,East Africa,no
TBK,Tumbuka,Tumbuka Ideas,TBK_ideas,Southern Africa,East Africa,no
MKU,Makua,,,Southern Africa,East Africa,no
RZW,Butua,Butua Ideas,RZW_ideas,Southern Africa,South Africa,no
MIR,Imerina,Imerina Ideas,MIR_ideas,Southern Africa,East Africa,no
SKA,Sakalava,,,Southern Africa,East Africa,no
BTS,Betsimisaraka,Betsimisaraka Ideas,BTS_ideas,Southern Africa,East Africa,no
MFY,Mahafaly,,,Southern Africa,East Africa,no
ANT,Antemoro,Antemoro Ideas,ANT_ideas,Southern Africa,East Africa,no
ANN,Annam,Dai Viet Ideas,DAI_ideas,East Indies,Indochina,yes
ARK,Arakan,Arakanese Ideas,ARK_ideas,East Indies,Burma,no
ATJ,Aceh,Acehnese Ideas,ATJ_ideas,East Indies,Malaya,no
AYU,Ayutthaya,Ayutthayan Ideas,AYU_ideas,East Indies,Indochina,no
BLI,Bali,Balinese ideas,BLI_ideas,East Indies,Indonesia,no
BAN,Banten,Banteni Ideas,BAN_ideas,East Indies,Indonesia,yes
BEI,Brunei,Bruneian Ideas,BEI_ideas,East Indies,Indonesia,no
CHA,Champa,Cham Ideas,CHA_ideas,East Indies,Indochina,no
CHG,Moghulistan,Chagatai Ideas,CHG_ideas,Tartary,Mongolia,no
CHK,Champasak,,,East Indies,Indochina,yes
DAI,Dai Viet,Dai Viet Ideas,DAI_ideas,East Indies,Indochina,yes
JAP,Japan,Japanese Ideas,JAP_ideas,Far East,Japan,yes
AMA,Amago,Amago Ideas,AMA_ideas,Far East,Japan,no
ASA,Asakura,Asakura Ideas,ASA_ideas,Far East,Japan,no
CSK,Chosokabe,Chosokabe Ideas,CSK_ideas,Far East,Japan,no
DTE,Date,Date Ideas,DTE_ideas,Far East,Japan,no
HJO,Hojo,Hojo Ideas,HJO_ideas,Far East,Japan,no
HSK,Hosokawa,Hosokawa Ideas,HSK_ideas,Far East,Japan,no
HTK,Hatakeyama,Hatakeyama Ideas,HTK_ideas,Far East,Japan,no
IKE,Ikeda,,,Far East,Japan,no
IMG,Imagawa,Imagawa Ideas,IMG_ideas,Far East,Japan,no
MAE,Maeda,,,Far East,Japan,no
MRI,Mori,Mori Ideas,MRI_ideas,Far East,Japan,no
ODA,Oda,Oda Ideas,ODA_ideas,Far East,Japan,no
OTM,Otomo,Otomo Ideas,OTM_ideas,Far East,Japan,no
OUC,Ouchi,Ouchi Ideas,OUC_ideas,Far East,Japan,no
SBA,Shiba,Shiba Ideas,SBA_ideas,Far East,Japan,no
SMZ,Shimazu,Shimazu Ideas,SMZ_ideas,Far East,Japan,no
TKD,Takeda,Takeda Ideas,TKD_ideas,Far East,Japan,no
TKG,Tokugawa,Tokugawa Ideas,TKG_ideas,Far East,Japan,no
UES,Uesugi,Uesugi Ideas,UES_ideas,Far East,Japan,no
YMN,Yamana,Yamana Ideas,YMN_ideas,Far East,Japan,no
RFR,Nanbu,Nanbu Ideas,RFR_ideas,Far East,Japan,no
ASK,Ashikaga,Ashikaga Ideas,ASK_ideas,Far East,Japan,no
KTB,Kitabatake,Kitabatake Ideas,KTB_ideas,Far East,Japan,no
ANU,Ainu,Ainu Ideas,ANU_ideas,Far East,Japan,no
AKM,Akamatsu,,,Far East,Japan,no
AKT,Ando,Ando Ideas,AKT_ideas,Far East,Japan,no
CBA,Chiba,Chiba Ideas,CBA_ideas,Far East,Japan,no
ISK,Isshiki,Isshiki Ideas,ISK_ideas,Far East,Japan,no
ITO,Ito,Ito Ideas,ITO_ideas,Far East,Japan,no
KKC,Kikuchi,Kikuchi Ideas,KKC_ideas,Far East,Japan,no
KNO,Kono,Kono Ideas,KNO_ideas,Far East,Japan,no
OGS,Ogasawara,Ogasawara Ideas,OGS_ideas,Far East,Japan,no
SHN,Shoni,Shoni Ideas,SHN_ideas,Far East,Japan,no
STK,Satake,Satake Ideas,STK_ideas,Far East,Japan,no
TKI,Toki,Toki Ideas,TKI_ideas,Far East,Japan,no
UTN,Utsunomiya,Utsunomiya Ideas,UTN_ideas,Far East,Japan,no
TTI,Tsutsui,Tsutsui Ideas,TTI_ideas,Far East,Japan,no
KHA,Mongolia,Mongolian Ideas,KHA_ideas,Tartary,Mongolia,no
KHM,Khmer,Khmer Ideas,KHM_ideas,East Indies,Indochina,no
KOR,Korea,Korean Ideas,KOR_ideas,Far East,Korea,no
LNA,Lan Na,Lan Na Ideas,LNA_ideas,East Indies,Indochina,no
LUA,Luang Prabang,,,East Indies,Indochina,yes
LXA,Lan Xang,Lan Xang Ideas,LXA_ideas,East Indies,Indochina,yes
MAJ,Majapahit,Majapahit Ideas,MAJ_ideas,East Indies,Indonesia,no
MCH,Manchu,Manchu Ideas,MCH_ideas,Far East,Manchuria,yes
MKS,Makassar,,,East Indies,Moluccas,no
MLC,Malacca,Malaccan Ideas,MLC_ideas,East Indies,Malaya,no
MNG,Ming,Great Ming Ideas,CHI_ideas,China,North China,no
MTR,Mataram,,,East Indies,Indonesia,no
OIR,Oirat,Oirat Ideas,OIR_ideas,Tartary,Mongolia,no
PAT,Pattani,Pattani Ideas,PAT_ideas,East Indies,Malaya,no
PEG,Pegu,Pegu Ideas,PEG_ideas,East Indies,Burma,no
QNG,Qing,Great Qing Ideas,QNG_ideas,China,North China,yes
RYU,Ryukyu,Ryukyuan Ideas,RYU_ideas,Far East,Japan,no
SST,Shan,,,East Indies,Burma,yes
SUK,Sukhothai,Sukhothai Ideas,SUK_ideas,East Indies,Indochina,no
SUL,Sulu,Sulu Ideas,SUL_ideas,East Indies,Moluccas,no
TAU,Taungu,Burmese Ideas,TAU_ideas,East Indies,Burma,no
TIB,Tibet,Tibetan Ideas,TIB_ideas,Tartary,Tibet,yes
TOK,Tonkin,Dai Viet Ideas,DAI_ideas,East Indies,Indochina,yes
VIE,Vientiane,,,East Indies,Indochina,yes
CZH,Zhou,,,China,Xinan,yes
CSH,Shun,Great Shun Ideas,CSH_ideas,China,North China,no
CXI,Xi,,,China,South China,no
YUA,Yuan,Great Yuan Ideas,YUA_ideas,China,North China,yes
FRM,Tungning,,,China,South China,no
ILK,Ilkhanate,Ilkhanid Ideas,ILK_ideas,Persia,Persia,yes
KLM,Kalmyk,,,Eastern Europe,Pontic Steppe,no
MGE,Mongol Empire,,,Tartary,Mongolia,yes
SOO,So,So Ideas,SOO_ideas,Far East,Japan,no
NVK,Nivkh,,,Far East,Manchuria,no
SOL,Solon,,,Far East,Manchuria,no
EJZ,Nanai,Jurchen Ideas,MJZ_ideas,Far East,Manchuria,no
NHX,Orochoni,Jurchen Ideas,MJZ_ideas,Far East,Manchuria,no
MYR,Xibe,Jurchen Ideas,MJZ_ideas,Far East,Manchuria,no
MHX,Haixi,Jurchen Ideas,MJZ_ideas,Far East,Manchuria,no
MJZ,Jianzhou,Jurchen Ideas,MJZ_ideas,Far East,Manchuria,no
KRC,Korchin,,,Tartary,Mongolia,no
KLK,Khalkha,,,Tartary,Mongolia,yes
HMI,Kara Del,,,Tartary,Mongolia,no
ZUN,Dzungar,Oirat Ideas,OIR_ideas,Tartary,Mongolia,yes
KAS,Yarkand,Yarkandi Ideas,KAS_ideas,Tartary,Central Asia,no
CHH,Chahar,,,Tartary,Mongolia,no
KSD,Khoshuud,,,Tartary,Tibet,yes
SYG,Sarig Yogir,,,Tartary,Tibet,no
UTS,Tsang,,,Tartary,Tibet,no
KAM,Kham,,,Tartary,Tibet,no
GUG,Guge,,,Tartary,Tibet,no
PHA,U,,,Tartary,Tibet,no
CDL,Dali,Dali Ideas,CDL_ideas,China,Xinan,no
CYI,Yi,Yi Ideas,CYI_ideas,China,Xinan,no
CMI,Miao,Miao Ideas,CMI_ideas,China,South China,no
MIN,Min,,,China,South China,no
YUE,Yue,,,China,South China,no
SHU,Shu,,,China,Xinan,no
NNG,Ning,,,China,South China,no
CHC,Chu,,,China,South China,no
TNG,Tang,,,China,North China,no
WUU,Wu,,,China,South China,no
QIC,Qi,,,China,North China,no
YAN,Yan,,,China,North China,no
JIN,Jin,,,China,North China,no
LNG,Liang,,,China,North China,no
QIN,Qin,,,China,North China,no
HUA,Huai,,,China,South China,no
CGS,Changsheng,Chinese Ideas,chinese_ideas,China,South China,no
BAL,Baluchistan,Baluch Ideas,BAL_ideas,Persia,Khorasan,no
BNG,Bengal,Bengal Sultanate Ideas,BNG_ideas,India,Bengal,no
BIJ,Bijapur,,,India,Deccan,no
BAH,Bahmanis,Bahmani Ideas,BAH_ideas,India,Deccan,no
DLH,Delhi,Delhian Ideas,DLH_ideas,India,Hindustan,yes
GOC,Golkonda,,,India,Deccan,no
DEC,Deccan,Deccani Ideas,DEC_ideas,India,Deccan,yes
MAR,Marathas,Maratha Ideas,MAR_ideas,India,Deccan,yes
MUG,Mughals,Mughal Ideas,MUG_ideas,India,Hindustan,yes
MYS,Mysore,Mysorean Ideas,MYS_ideas,India,Deccan,no
VIJ,Vijayanagar,Vijayanagar Ideas,VIJ_ideas,India,Deccan,no
AHM,Ahmednagar,,,India,Deccan,no
ASS,Assam,Assamese Ideas,ASS_ideas,India,Bengal,no
GUJ,Gujarat,Gujarat Sultanate Ideas,GUJ_ideas,India,Western India,no
JNP,Jaunpur,Jaunpuri Ideas,JNP_ideas,India,Hindustan,no
MAD,Madurai,,,India,Coromandel,no
MLW,Malwa,Malvi Ideas,MLW_ideas,India,Western India,no
MAW,Marwar,,,India,Western India,no
MER,Mewar,Mewari Ideas,MER_ideas,India,Western India,no
MUL,Multan,,,India,Hindustan,no
NAG,Nagpur,Nagpuri Ideas,NAG_ideas,India,Deccan,yes
NPL,Nepal,Nepali Ideas,NPL_ideas,India,Hindustan,yes
ORI,Orissa,Orissan Ideas,ORI_ideas,India,Bengal,yes
PUN,Punjab,Punjabi Ideas,PUN_ideas,India,Hindustan,yes
SND,Sindh,Sindhi Ideas,SND_ideas,India,Western India,no
BRR,Berar,,,India,Deccan,no
JAN,Jangladesh,,,India,Western India,no
KRK,Carnatic,,,India,Coromandel,no
GDW,Garha,,,India,Deccan,no
GRJ,Garjat,,,India,Bengal,no
GWA,Gwalior,Maratha Ideas,MAR_ideas,India,Hindustan,no
DHU,Dhundhar,Dhundhari Ideas,DHU_ideas,India,Western India,no
KSH,Kashmir,,,India,Hindustan,no
KLN,Keladi,,,India,Deccan,no
KHD,Khandesh,,,India,Western India,no
ODH,Oudh,,,India,Hindustan,no
VND,Venad,,,India,Deccan,no
MAB,Calicut,,,India,Deccan,no
MEW,Mewat,,,India,Western India,no
BDA,Baroda,Maratha Ideas,MAR_ideas,India,Western India,no
BST,Bastar,,,India,Bengal,no
BHU,Bhutan,,,Tartary,Tibet,no
BND,Bundelkhand,Vindhyan Ideas,vindhyan_ideas,India,Hindustan,no
CEY,Kotte,Sinhalese Ideas,CEY_ideas,India,Coromandel,no
JSL,Jaisalmer,,,India,Western India,no
KAC,Kachar,Bengali Ideas,bengali_ideas,India,Bengal,no
KMT,Koch,Bengali Ideas,bengali_ideas,India,Bengal,no
KGR,Kangra,Kangra Ideas,KGR_ideas,India,Hindustan,no
KAT,Kutch,,,India,Western India,no
KOC,Kochin,,,India,Deccan,no
MLB,Manipur,Manipur Ideas,MLB_ideas,India,Bengal,no
HAD,Hadoti,,,India,Hindustan,no
NGA,Nagaur,,,India,Western India,no
RMP,Rohilkhand,,,India,Hindustan,no
LDK,Ladakh,Ladakh Ideas,LDK_ideas,India,Hindustan,no
BGL,Baghelkhand,Vindhyan Ideas,vindhyan_ideas,India,Hindustan,no
JFN,Jaffna,,,India,Coromandel,no
PTA,Patiala,,,India,Hindustan,no
GHR,Garhwal,Garhwali Ideas,GHR_ideas,India,Hindustan,no
CHD,Chanda,,,India,Deccan,no
NGP,Jharkhand,,,India,Bengal,no
JAJ,Habsan,Siddi Ideas,JAJ_ideas,India,Deccan,no
TRT,Tirhut,Tirhuti Ideas,TRT_ideas,India,Hindustan,no
CMP,Rewa Kantha,,,India,Western India,no
BGA,Baglana,Gujarati Princedom Ideas,gujarati_ideas,India,Western India,no
TPR,Tripura,Tripuran Ideas,TPR_ideas,India,Bengal,no
SDY,Sadiya,Sadiyan Ideas,SDY_ideas,India,Bengal,no
BHA,Bharat,Bharathi Ideas,BHA_ideas,India,Hindustan,yes
YOR,Andhra,,,India,Coromandel,no
DGL,Maldives,,,East Indies,Malaya,no
MBL,Bishnupur,,,India,Bengal,no
SKK,Sikkim,,,Tartary,Tibet,no
IDR,Idar,,,India,Western India,no
JLV,Jhalavad,,,India,Western India,no
PTL,Palitana,,,India,Western India,no
NVR,Navanagar,,,India,Western India,no
RJK,Rajkot,,,India,Western India,no
JGD,Junagarh,,,India,Western India,no
PRB,Porbandar,,,India,Western India,no
PAN,Kalinjar,Vindhyan Ideas,vindhyan_ideas,India,Hindustan,no
KLP,Kalpi,,,India,Hindustan,no
SBP,Sambalpur,,,India,Bengal,no
PTT,Patna,,,India,Bengal,no
RTT,Ratanpur,,,India,Bengal,no
KLH,Kalahandi,,,India,Bengal,no
KJH,Keonhjar,,,India,Bengal,no
PRD,Parlakhimidi,,,India,Bengal,no
JPR,Jeypore,,,India,Bengal,no
SRG,Surguja,,,India,Hindustan,no
KND,Kandy,Sinhalese Ideas,CEY_ideas,India,Coromandel,no
TLG,Telingana,,,India,Deccan,no
KLT,Kolathunad,,,India,Deccan,no
DNG,Dang,,,India,Hindustan,no
DTI,Doti,,,India,Hindustan,no
GRK,Gorkha,,,India,Hindustan,no
JML,Jumla,,,India,Hindustan,no
LWA,Limbuwan,,,India,Hindustan,no
MKP,Makwanpur,,,India,Hindustan,no
SRM,Sirmur,,,India,Hindustan,no
KTU,Kathmandu,,,India,Hindustan,no
KMN,Kumaon,,,India,Hindustan,no
GNG,Gingee,,,India,Coromandel,no
TNJ,Tanjore,,,India,Coromandel,no
SRH,Sirhind,,,India,Hindustan,no
RJP,Rajputana,Rajputana ideas,RJP_ideas,India,Hindustan,yes
BAR,Bar,,,Western Europe,France,no
HSA,Lübeck,Hanseatic Ideas,HSA_ideas,Western Europe,North Germany,yes
SMO,Smolensk,Smolenskian Ideas,SMO_ideas,Eastern Europe,Ruthenia,no
NZH,Nizhny Novgorod,Nizhny Novgorod Ideas,NZH_ideas,Eastern Europe,Ural,no
KOJ,Jerusalem,Jerusalem Ideas,jerusalem_ideas,Levant,Mashriq,yes
MSA,Malaya,Malayan Ideas,MSA_ideas,East Indies,Malaya,yes
HIN,Hindustan,Hindustani Ideas,HIN_ideas,India,Hindustan,yes
ABE,Abenaki,,,North America,Northeast,no
APA,Apache,,,Central America,California,no
ASI,Assiniboine,,,North America,Hudson Bay,no
BLA,Blackfoot,,,North America,Hudson Bay,no
CAD,Caddo,,,North America,Mississippi,no
CHI,Chickasaw,Chickasaw Ideas,CHICK_ideas,North America,Mississippi,no
CHO,Choctaw,,,North America,Mississippi,no
CHY,Cheyenne,,,North America,Hudson Bay,no
COM,Comanche,,,North America,Great Plains,no
FOX,Fox,,,North America,Great Lakes,no
ILL,Illiniwek,Northeastern Woodlands Ideas,ne_native_ideas,North America,Great Lakes,yes
LEN,Lenape,,,North America,Northeast,no
MAH,Mahican,,,North America,Northeast,no
MIK,Mikmaq,,,North America,Canada,no
MMI,Miami,,,North America,Great Lakes,no
NAH,Navajo,,,Central America,California,no
OJI,Ojibwe,,,North America,Great Lakes,no
OSA,Osage,,,North America,Great Lakes,no
OTT,Ottawa,,,North America,Canada,no
PAW,Pawnee,,,North America,Great Plains,no
PEQ,Pequot,,,North America,Northeast,no
PIM,Pima,,,Central America,California,no
POT,Potawatomi,Northeastern Woodlands Ideas,ne_native_ideas,North America,Great Lakes,yes
POW,Powhatan,,,North America,Southeast,no
PUE,Pueblo,Pueblo Ideas,PUE_ideas,Central America,California,no
SHO,Shoshone,,,North America,Cascadia,no
SIO,Sioux,Siouan Federation Ideas,siouan_federation_ideas,North America,Great Lakes,yes
SUS,Susquehannock,,,North America,Northeast,no
WCR,Cree,,,North America,Hudson Bay,no
AIR,Air,Air Ideas,AIR_ideas,Northern Africa,Sahel,no
BON,Bonoman,,,Northern Africa,Niger,no
DAH,Dahomey,Dahomey Ideas,DAH_ideas,Northern Africa,Niger,no
DGB,Dagbon,,,Northern Africa,Niger,no
FUL,Fulo,,,Northern Africa,Niger,no
JNN,Jenné,,,Northern Africa,Niger,no
KAN,Kano,Hausan Ideas,hausa_ideas,Northern Africa,Niger,no
KBU,Kaabu,,,Northern Africa,Guinea,no
KNG,Kong,,,Northern Africa,Niger,no
KTS,Katsina,Hausan Ideas,hausa_ideas,Northern Africa,Niger,no
MSI,Mossi,,,Northern Africa,Niger,yes
NUP,Nupe,,,Northern Africa,Niger,no
TMB,Timbuktu,,,Northern Africa,Sahel,no
YAO,Yao,,,Northern Africa,Sahel,no
YAT,Yatenga,,,Northern Africa,Niger,no
ZAF,Macina,,,Northern Africa,Sahel,yes
ZZZ,Zazzau,Hausan Ideas,hausa_ideas,Northern Africa,Niger,no
NDO,Ndongo,Kongo Ideas,KON_ideas,Southern Africa,Congo,no
AVA,Ava,Ava Ideas,AVA_ideas,East Indies,Burma,no
HSE,Hsenwi,,,East Indies,Burma,no
JOH,Johor,,,East Indies,Malaya,no
KED,Kedah,,,East Indies,Malaya,no
LIG,Ligor,Ligori Ideas,LIG_ideas,East Indies,Malaya,no
MPH,Muang Phuan,,,East Indies,Indochina,no
MYA,Mong Yang,,,East Indies,Burma,no
PRK,Perak,,,East Indies,Malaya,no
MMA,Mong Mao,,,China,Xinan,no
MKA,Mong Kawng,,,East Indies,Burma,no
MPA,Mong Pai,,,East Indies,Burma,no
MNI,Mong Nai,,,East Indies,Burma,no
KAL,Kale,,,East Indies,Burma,no
HSI,Hsipaw,,,East Indies,Burma,no
BPR,Prome,Burmese Ideas,TAU_ideas,East Indies,Burma,no
CHU,Chukchi,,,Tartary,East Siberia,no
HOD,Khodynt,,,Tartary,East Siberia,no
CHV,Chavchuveny,,,Tartary,East Siberia,no
KMC,Kamchadals,,,Tartary,East Siberia,no
BRT,Buryatia,,,Tartary,East Siberia,no
ARP,Arapaho,,,North America,Great Plains,no
CLM,Colima,,,Central America,Mexico,no
CNK,Chinook,,,North America,Cascadia,no
COC,Cocomes,,,Central America,Central America,no
HDA,Haida,,,North America,Cascadia,no
ITZ,Itza,,,Central America,Central America,no
KIC,Kiche,K'iche Ideas,KIC_ideas,Central America,Central America,no
KIO,Kiowa,,,North America,Great Plains,no
MIX,Mixtec,,,Central America,Mexico,no
SAL,Salish,,,North America,Cascadia,no
TAR,Purépecha,Purépecha Ideas,TAR_ideas,Central America,Mexico,no
TLA,Tlapanec,,,Central America,Mexico,no
TLX,Tlaxcala,,,Central America,Mexico,no
TOT,Totonac,,,Central America,Mexico,no
WIC,Wichita,,,Central America,Rio Grande,no
XIU,Xiu,,,Central America,Central America,no
BLM,Blambangan,,,East Indies,Indonesia,no
BTN,Buton,,,East Indies,Moluccas,no
CRB,Cirebon,Cirebonese Ideas,CRB_ideas,East Indies,Indonesia,yes
DMK,Demak,,,East Indies,Indonesia,no
PGR,Pagarruyung,Pagarruyung Ideas,PGR_ideas,East Indies,Malaya,no
PLB,Palembang,Palembang Ideas,PLB_ideas,East Indies,Malaya,no
PSA,Pasai,Acehnese Ideas,ATJ_ideas,East Indies,Malaya,no
SAK,Siak,,,East Indies,Malaya,no
SUN,Sunda,Sundanese ideas,SUN_ideas,East Indies,Indonesia,no
KUT,Kutai,Bornean Ideas,KUT_ideas,East Indies,Indonesia,no
BNJ,Banjar,,,East Indies,Indonesia,no
LFA,Lanfang,Lanfang Ideas,LFA_ideas,East Indies,Indonesia,yes
LNO,Lanao,Mindanao Ideas,mindanao_ideas,East Indies,Moluccas,no
LUW,Luwu,,,East Indies,Moluccas,no
MGD,Maguindanao,Mindanao Ideas,mindanao_ideas,East Indies,Moluccas,no
TER,Ternate,,,East Indies,Moluccas,no
TID,Tidore,,,East Indies,Moluccas,no
MAS,Madyas,Madyas Ideas,MAS_ideas,East Indies,Moluccas,no
PGS,Pangasinan,Luzon Ideas,luzon_ideas,East Indies,Moluccas,no
TDO,Tondo,Luzon Ideas,luzon_ideas,East Indies,Moluccas,no
MNA,Maynila,Luzon Ideas,luzon_ideas,East Indies,Moluccas,no
CEB,Cebu,Cebu Ideas,CEB_ideas,East Indies,Moluccas,no
BTU,Butuan,Butuan Ideas,BTU_ideas,East Indies,Moluccas,no
CSU,Cuzco,Incan Ideas,INC_ideas,Andes,Peru,no
CCQ,Calchaqui,,,Andes,Upper Peru,no
MPC,Mapuche,Mapuche Ideas,MPC_ideas,Andes,La Plata,no
MCA,Muisca,Muiscan Ideas,MCA_ideas,Amazonia,Colombia,no
QTO,Quito,,,Andes,Peru,no
CJA,Cajamarca,,,Andes,Peru,no
HJA,Huyla,,,Andes,Peru,no
PTG,Potiguara,,,Amazonia,Brazil,no
TPQ,Tupiniquim,,,Amazonia,Brazil,no
TPA,Tupinamba,,,Amazonia,Brazil,no
TUA,Tapuia,Tapuian Ideas,TUA_ideas,Amazonia,Brazil,no
GUA,Guarani,Guarani Ideas,GUA_ideas,Amazonia,Brazil,no
CUA,Charrua,Charruan Ideas,CUA_ideas,Andes,La Plata,no
WKA,Wanka,,,Andes,Peru,no
CYA,Chachapoya,Chachapoyan Ideas,CYA_ideas,Andes,Peru,no
CLA,Colla,,,Andes,Peru,no
CRA,Charca,,,Andes,Upper Peru,no
PCJ,Pacajes,,,Andes,Peru,no
ARW,Arawak,,,Amazonia,Colombia,no
CAB,Carib,Carib Ideas,CAB_ideas,Amazonia,Colombia,no
ICM,Ichma,,,Andes,Peru,no
MAT,Matlatzinca,,,Central America,Mexico,no
COI,Coixtlahuaca,,,Central America,Mexico,no
TEO,Teotitlan,,,Central America,Mexico,no
XAL,Xalisco,,,Central America,Mexico,no
GAM,Guamar,Mesoamerican Ideas,mesoamerican_ideas,Central America,Mexico,no
HST,Huastec,,,Central America,Mexico,no
CCM,Chichimeca,Mesoamerican Ideas,mesoamerican_ideas,Central America,Mexico,no
OTO,Otomi,,,Central America,Mexico,no
YOK,Yokotan,,,Central America,Central America,no
LAC,Tzotzil,,,Central America,Central America,no
KAQ,Kaqchikel,,,Central America,Central America,no
CTM,Chactemal,,,Central America,Central America,no
KER,Zia,Pueblo Ideas,PUE_ideas,Central America,California,no
ZNI,Zuni,Pueblo Ideas,PUE_ideas,Central America,California,no
MSC,Mescalero,,,Central America,Rio Grande,no
LIP,Lipan,,,Central America,Rio Grande,no
CHT,Chorti,,,Central America,Central America,no
MIS,Miskito,,,Central America,Central America,no
TAI,Tairona,,,Amazonia,Colombia,no
CNP,Can Pech,,,Central America,Central America,no
TON,Tonala,,,Central America,Mexico,no
YAQ,Yaqui,,,Central America,California,no
YKT,Yokuts,,,Central America,California,no
NSS,New Providence,Piratical Ideas,pirate_ideas,Central America,Caribbeans,no
PRY,Port Royal,Piratical Ideas,pirate_ideas,Central America,Caribbeans,no
TOR,Tortuga,Piratical Ideas,pirate_ideas,Central America,Caribbeans,no
LIB,Libertatia,Piratical Ideas,pirate_ideas,Southern Africa,East Africa,no
UBV,Munich,,,Western Europe,South Germany,no
LBV,Landshut,,,Western Europe,South Germany,no
ING,Ingolstadt,,,Western Europe,South Germany,no
PSS,Passau,,,Western Europe,South Germany,no
MBZ,Bregenz,Bregenzer Ideas,MBZ_ideas,Western Europe,South Germany,no
KNZ,Konstanz,,,Western Europe,South Germany,no
ROT,Rothenburg,Rothenburg Ideas,ROT_ideas,Western Europe,South Germany,no
BYT,Bayreuth,Bayreuther Ideas,BYT_ideas,Western Europe,South Germany,no
REG,Regensburg,,,Western Europe,South Germany,no
GNV,Geneva,Genevan Ideas,GNV_ideas,Western Europe,South Germany,no
TTL,Three Leagues,Three Leagues Ideas,TTL_ideas,Western Europe,South Germany,no
OPL,Opole,Silesian Ideas,SIL_ideas,Eastern Europe,Poland,no
GLG,Glogow,Silesian Ideas,SIL_ideas,Eastern Europe,Poland,no
BLG,Bologna,Bolognese Ideas,BLG_ideas,Western Europe,Italy,no
PDV,Padua,,,Western Europe,Italy,no
SZO,Saluzzo,Saluzzo Ideas,SZO_ideas,Western Europe,Italy,no
SPL,Spoleto,,,Western Europe,Italy,no
WOL,Wolgast,,,Western Europe,North Germany,no
STE,Stettin,,,Western Europe,North Germany,no
GOS,Goslar,Goslar Ideas,GOS_ideas,Western Europe,North Germany,no
SOR,Lusatia,Lusatian Ideas,SOR_ideas,Western Europe,North Germany,no
RUG,Rügen,,,Western Europe,North Germany,no
CLI,Cilli,Cilli Ideas,CLI_ideas,Western Europe,South Germany,no
HRZ,Herzegovina,Herzegovinian Ideas,HRZ_ideas,Eastern Europe,Balkans,no
TNT,Trent,Trent Ideas,TNT_ideas,Western Europe,South Germany,no
BRG,Berg,Berg Ideas,BRG_ideas,Western Europe,North Germany,no
MLH,Mulhouse,,,Western Europe,South Germany,no
BAM,Bamberg,Bamberger Ideas,BAM_ideas,Western Europe,South Germany,no
RUP,Ruppin,,,Western Europe,North Germany,no
LPP,Lippe,,,Western Europe,North Germany,no
PAD,Paderborn,,,Western Europe,North Germany,no
CLB,Calenberg,Lüneburger Ideas,LUN_ideas,Western Europe,North Germany,no
DWT,Donauwörth,,,Western Europe,South Germany,no
OSN,Osnabrück,,,Western Europe,North Germany,no
VRN,Verona,Veronese Ideas,VRN_ideas,Western Europe,Italy,no
COB,Coburg,,,Western Europe,South Germany,no
LOT,Lotharingia,Lotharingian Ideas,LOT_ideas,Western Europe,North Germany,yes
PGA,Perugia,Perugian Ideas,PGA_ideas,Western Europe,Italy,no
TTS,Two Sicilies,Sicilian Ideas,SIC_ideas,Western Europe,Italy,yes
FKN,Franconia,Franconian Ideas,FKN_ideas,Western Europe,South Germany,yes
SWA,Swabia,Swabian Ideas,SWA_ideas,Western Europe,South Germany,yes
BNE,Bone,,,East Indies,Moluccas,no
BEU,Berau,,,East Indies,Indonesia,no
SMB,Sambas,,,East Indies,Indonesia,no
BRS,Barus,,,East Indies,Malaya,no
DLI,Deli,,,East Indies,Malaya,no
JMB,Jambi,,,East Indies,Malaya,no
PAH,Pahang,Malayan Sultanate Ideas,malayan_ideas,East Indies,Malaya,no
KEL,Kelantan,,,East Indies,Malaya,no
IND,Indrapura,,,East Indies,Malaya,no
JAR,Jarai,,,East Indies,Indochina,no
RHA,Rhade,,,East Indies,Indochina,no
KOH,Koho,,,East Indies,Indochina,no
SIA,Siam,Siamese Ideas,SIA_ideas,East Indies,Indochina,yes
TIW,Tiwi,Tiwi Ideas,TIW_ideas,Oceania,Australia,no
LAR,Larrakia,Larrakia Ideas,LAR_ideas,Oceania,Australia,no
YOL,Yolngu,,,Oceania,Australia,no
YNU,Yanuwa,,,Oceania,Australia,no
AWN,Awngthim,,,Oceania,Australia,no
GMI,Kamilaroi,Kamilaroi Ideas,GMI_ideas,Oceania,Australia,no
MIA,Mianjin,,,Oceania,Australia,no
EOR,Eora,Eora Ideas,EOR_ideas,Oceania,Australia,no
KUL,Kulin,,,Oceania,Australia,no
KAU,Kaurna,Kaurna Ideas,KAU_ideas,Oceania,Australia,no
PLW,Palawa,Palawa Ideas,PLW_ideas,Oceania,Australia,no
WRU,Wurundjeri,,,Oceania,Australia,no
NOO,Nyoongah,,,Oceania,Australia,no
MLG,Malgana,,,Oceania,Australia,no
AOT,Aotearoa,,,Oceania,Oceania,yes
MAA,Ngati Awa,,,Oceania,Oceania,no
TAN,Tainui,,,Oceania,Oceania,no
TAK,Ngati Kahungunu,,,Oceania,Oceania,no
TNK,Ngati Toa,,,Oceania,Oceania,no
TEA,Ngati Ranginui,,,Oceania,Oceania,no
TTT,Ngapuhi,,,Oceania,Oceania,no
WAI,Waitaha,,,Oceania,Oceania,no
UHW,Hawai'i,Hawaiian Ideas,hawaiian_ideas,Oceania,Oceania,yes
HAW,Hawai'i,Hawaiian Ideas,hawaiian_ideas,Oceania,Oceania,no
MAU,Maui,Hawaiian Ideas,hawaiian_ideas,Oceania,Oceania,no
OAH,O'ahu,Hawaiian Ideas,hawaiian_ideas,Oceania,Oceania,no
KAA,Kaua'i,Hawaiian Ideas,hawaiian_ideas,Oceania,Oceania,no
TOG,Tonga,Tongan Ideas,tongan_ideas,Oceania,Oceania,no
SAM,Samoa,Samoan Ideas,samoan_ideas,Oceania,Oceania,no
VIT,Viti,Fijian Ideas,fijian_ideas,Oceania,Oceania,yes
VIL,Viti Levu,Fijian Ideas,fijian_ideas,Oceania,Oceania,no
VNL,Vanua Levu,Fijian Ideas,fijian_ideas,Oceania,Oceania,no
LAI,Lau,Fijian Ideas,fijian_ideas,Oceania,Oceania,no
ALT,Altamaha,,,North America,Southeast,no
ICH,Ichisi,,,North America,Southeast,no
COF,Cofitachequi,,,North America,Southeast,no
JOA,Joara,,,North America,Southeast,no
ETO,Etowah,,,North America,Southeast,no
SAT,Satapo,,,North America,Southeast,no
CIA,Chiaha,,,North America,Southeast,no
COO,Coosa,,,North America,Southeast,no
ABI,Abihka,,,North America,Mississippi,no
COW,Coweta,,,North America,Mississippi,no
NTZ,Natchez,,,North America,Mississippi,no
CAQ,Casqui,,,North America,Mississippi,no
PCH,Pacaha,,,North America,Mississippi,no
QUI,Quizquiz,,,North America,Mississippi,no
CCA,Chisca,,,North America,Mississippi,no
ATA,Atahachi,,,North America,Mississippi,no
KSI,Kasihta,,,North America,Southeast,no
OEO,Oneota,,,North America,Great Lakes,no
ANL,Anilco,,,North America,Mississippi,no
NTC,Natchitoches,,,North America,Mississippi,no
HNI,Hasinai,,,Central America,Rio Grande,no
MOH,Mohawk,,,North America,Northeast,no
ONE,Oneida,,,North America,Northeast,no
ONO,Onondaga,,,North America,Northeast,no
CAY,Cayuga,,,North America,Northeast,no
SEN,Seneca,,,North America,Northeast,no
TAH,Tahontaenrat,,,North America,Canada,no
ATT,Attignawantan,,,North America,Canada,no
AGG,Attigneenongnahac,,,North America,Canada,no
ATW,Attiwandaron,,,North America,Canada,no
ARN,Arendaronon,,,North America,Canada,no
TIO,Tionontate,,,North America,Canada,no
OSH,Osheaga,,,North America,Canada,no
STA,Stadacona,,,North America,Canada,no
ERI,Erie,,,North America,Northeast,no
WEN,Wenro,,,North America,Northeast,no
TSC,Tuscarora,Northeastern Woodlands Ideas,ne_native_ideas,North America,Southeast,no
OHK,Ohkay Owingeh,,,Central America,California,no
ISL,Isleta,,,Central America,California,no
ACO,Acoma,,,Central America,California,no
CAO,Cahokia,,,North America,Great Lakes,no
PEO,Peoria,,,North America,Great Lakes,no
KSK,Kaskaskia,,,North America,Great Lakes,no
PEN,Penobscot,,,North America,Northeast,no
MLS,Maliseet,,,North America,Canada,no
NEH,Nehiyaw,,,North America,Hudson Bay,no
NAK,Nakawe,,,North America,Hudson Bay,no
HWK,Hathawekela,,,North America,Mississippi,no
CLG,Chalaghawtha,,,North America,Great Lakes,no
KSP,Kispoko,,,North America,Mississippi,no
MSG,Mississage,,,North America,Canada,no
WCY,Wichiyena,,,North America,Great Plains,no
LAK,Lakota,,,North America,Great Plains,no
INN,Innu,,,North America,Canada,no
WAM,Wampanoag,,,North America,Northeast,no
AGQ,Algonquin,,,North America,Canada,no
JMN,Jan Mayen,Jan Mayen Ideas,JMN_ideas,Western Europe,Scandinavia,no
ROM,Roman Empire,Roman Ideas,ROM_ideas,Western Europe,Italy,yes
SYN,Synthetics,Synthetic Ideas,SYN_ideas,Western Europe,North Germany,no
ISR,Israel,Israeli Ideas,ISR_ideas,Levant,Mashriq,yes
