modifier_key,modifier_name
accept_vassalization_reasons,Accept Vassalization Reasons
adm_advisor_cost,Adm Advisor Cost
adm_tech_cost_modifier,Administrative Technology Cost
administrative_efficiency,Administrative Efficiency
admiral_cost,Admiral Cost
advisor_cost,Advisor Costs
advisor_pool,Advisor Pool
ae_impact,AE Impact
all_estate_loyalty_equilibrium,All Estate Loyalty Equilibrium
all_estate_possible_privileges,All Estate Possible Privileges
allow_mercenary_drill,Allow Mercenary Drill
allowed_marine_fraction,Allowed Marine Fraction
allowed_samurai_fraction,Allowed Samurai Fraction
amount_of_banners,Amount of Banners
army_tradition,Army Tradition
army_tradition_decay,Army Tradition Decay
army_tradition_from_battle,Army Tradition from Battle
artillery_cost,Artillery Cost
artillery_fire,Artillery Fire
artillery_level_modifier,Artillery Level Modifier
artillery_power,Artillery Power
artillery_shock,Artillery Shock
auto_explore_adjacent_to_colony,Automatically Discover Adjacent When a Colony is Built.
autonomy_change_time,Autonomy Change Time
backrow_artillery_damage,Backrow Artillery Damage
blockade_efficiency,Blockade Efficiency
brahmins_hindu_loyalty_modifier,Brahmins Hindu Loyalty Modifier
brahmins_muslim_loyalty_modifier,Brahmins Muslim Loyalty Modifier
build_cost,Construction Cost
build_time,Construction Time
burghers_influence_modifier,Burghers Influence Modifier
burghers_loyalty_modifier,Burghers Loyalty Modifier
can_claim_states,Can Claim States
can_recruit_hussars,Can Recruit Hussars
can_transfer_vassal_wargoal,Can Transfer Vassal Wargoal
capture_ship_chance,Capture Ship Chance
caravan_power,Caravan Power
cav_to_inf_ratio,Cavalry to Infantry Ratio
cavalry_cost,Cavalry Cost
cavalry_fire,Cavalry Fire
cavalry_flanking,Cavalry Flanking
cavalry_power,Cavalry Power
cb_on_primitives,Cb on Primitives
cb_on_religious_enemies,Cb on Religious Enemies
center_of_trade_upgrade_cost,Center of Trade Upgrade Cost
church_loyalty_modifier,Church Loyalty Modifier
church_power_modifier,Church Power Modifier
coast_raid_range,Coast Raid Range
colonist_placement_chance,Settler Chance
colonists,Colonists
core_creation,Core Creation
cossacks_privilege_slots,Cossacks Privilege Slots
country_admin_power,Country Admin Power
country_military_power,Country Military Power
culture_conversion_cost,Culture Conversion Cost
curia_powers_cost,Curia Powers Cost
defensiveness,Fort Defense
development_cost,Development Cost
development_cost_in_primary_culture,Development Cost in Primary Culture
devotion,Devotion
dhimmi_loyalty_modifier,Dhimmi Loyalty Modifier
dip_advisor_cost,Dip Advisor Cost
dip_tech_cost_modifier,Diplomatic Technology Cost
diplomatic_annexation_cost,Diplomatic Annexation Cost
diplomatic_reputation,Diplomatic Reputation
diplomatic_upkeep,Diplomatic Upkeep
diplomats,Diplomats
discipline,Discipline
disengagement_chance,Disengagement Chance
drill_gain_modifier,Drill Gain Modifier
embargo_efficiency,Embargo Efficiency
embracement_cost,Embracement Cost
enforce_religion_cost,Enforce Religion Cost
envoy_travel_time,Envoy Travel Time
estate_interaction_cooldown_modifier,Estate Interaction Cooldown Modifier
eunuchs_loyalty_modifier,Eunuchs Loyalty Modifier
expand_administration_cost,Expand Administration Cost
expand_infrastructure_cost_modifier,Expand Infrastructure Cost Modifier
fabricate_claims_cost,Fabricate Claims Cost
female_advisor_chance,Female Advisor Chance
fire_damage,Fire Damage
fire_damage_received,Fire Damage Received
flagship_cost,Flagship Cost
fort_maintenance_modifier,Fort Maintenance Modifier
free_adm_policy,Free Adm Policy
free_dip_policy,Free Dip Policy
free_leader_pool,Free Leader Pool
free_mil_policy,Free Mil Policy
free_policy,Free Policy
galley_cost,Galley Cost
galley_power,Galley Power
garrison_damage,Garrison Damage
garrison_size,Garrison Size
general_cost,General Cost
ghulams_loyalty_modifier,Ghulams Loyalty Modifier
ghulams_privilege_slots,Ghulams Privilege Slots
global_allowed_num_of_buildings,Global Allowed Num of Buildings
global_autonomy,Global Autonomy
global_colonial_growth,Global Colonial Growth
global_foreign_trade_power,Global Foreign Trade Power
global_garrison_growth,National Garrison Growth
global_heretic_missionary_strength,Global Heretic Missionary Strength
global_institution_spread,Global Institution Spread
global_manpower_modifier,Global Manpower Modifier
global_missionary_strength,Global Missionary Strength
global_naval_barrage_cost,Global Naval Barrage Cost
global_naval_engagement_modifier,Global Naval Engagement Modifier
global_own_trade_power,Global Own Trade Power
global_prosperity_growth,Global Prosperity Growth
global_prov_trade_power_modifier,Global Prov Trade Power Modifier
global_regiment_cost,Global Regiment Cost
global_regiment_recruit_speed,Global Regiment Recruit Speed
global_sailors_modifier,Global Sailors Modifier
global_ship_cost,Global Ship Cost
global_ship_recruit_speed,Global Ship Recruit Speed
global_ship_repair,Global Ship Repair
global_ship_trade_power,Global Ship Trade Power
global_spy_defence,Global Spy Defence
global_supply_limit_modifier,National Supply Limit Modifier
global_tariffs,Global Tariffs
global_tax_modifier,National Tax Modifier
global_trade_goods_size_modifier,Global Trade Goods Size Modifier
global_trade_power,Global Trade Power
global_unrest,National Unrest
gold_depletion_chance_modifier,Gold Depletion Chance Modifier
governing_capacity_modifier,Governing Capacity Modifier
great_project_upgrade_cost,Great Project Upgrade Cost
great_project_upgrade_time,Great Project Upgrade Time
harmonization_speed,Harmonization Speed
harsh_treatment_cost,Harsh Treatment Cost
has_geobukseon,Has Geobukseon
has_samurai,Has Samurai
heavy_ship_cost,Heavy Ship Cost
heavy_ship_power,Heavy Ship Power
heir_chance,Heir Chance
horde_unity,Horde Unity
hostile_attrition,Hostile Attrition
idea_claim_colonies,Idea Claim Colonies
idea_cost,Idea Cost
imperial_authority,Imperial Authority
imperial_authority_value,Imperial Authority Value
imperial_mandate,Imperial Mandate
improve_relation_modifier,Improve Relation Modifier
infantry_cost,Infantry Cost
infantry_power,Infantry Power
infantry_shock,Infantry Shock
inflation_reduction,Yearly Inflation Reduction
innovativeness_gain,Innovativeness Gain
institution_spread_from_true_faith,Institution Spread from True Faith
interest,Interest Per Annum
jains_loyalty_modifier,Jains Loyalty Modifier
janissaries_loyalty_modifier,Janissaries Loyalty Modifier
justify_trade_conflict_cost,Justify Trade Conflict Cost
land_attrition,Land Attrition
land_forcelimit_modifier,Land Force Limit Modifier
land_maintenance_modifier,Land Maintenance Modifier
land_morale,Morale of Armies
landing_penalty,Landing Penalty
leader_cost,Leader Cost
leader_land_fire,Leader Land Fire
leader_land_manuever,Leader Land Manuever
leader_land_shock,Leader Land Shock
leader_naval_fire,Leader Naval Fire
leader_naval_manuever,Leader Naval Manuever
leader_naval_shock,Leader Naval Shock
leader_siege,Leader Siege
legitimacy,Legitimacy
liberty_desire_from_subject_development,Liberty Desire from Subject Development
light_ship_cost,Light Ship Cost
light_ship_power,Light Ship Power
loot_amount,Loot Amount
loyalty_change_on_revoked,Loyalty Change on Revoked
manpower_in_accepted_culture_provinces,Manpower in Accepted Culture Provinces
manpower_in_own_culture_provinces,Manpower in Own Culture Provinces
manpower_in_true_faith_provinces,Manpower in True Faith Provinces
manpower_recovery_speed,Manpower Recovery Speed
maratha_loyalty_modifier,Maratha Loyalty Modifier
max_absolutism,Max Absolutism
max_absolutism_effect,Max Absolutism Effect
max_general_fire,Max General Fire
max_hostile_attrition,Max Hostile Attrition
max_revolutionary_zeal,Max Revolutionary Zeal
may_establish_frontier,May Establish Frontier
may_explore,Allows recruitment of explorers & conquistadors.
may_perform_slave_raid,May Raid Coasts
may_perform_slave_raid_on_same_religion,May Raid Coasts of Same Religion
may_recruit_female_generals,May Recruit Female Generals
merc_independent_from_trade_range,Merc Independent from Trade Range
merc_leader_army_tradition,Merc Leader Army Tradition
merc_maintenance_modifier,Mercenary Maintenance
mercantilism_cost,Mercantilism Cost
mercenary_cost,Mercenary Cost
mercenary_discipline,Mercenary Discipline
mercenary_manpower,Mercenary Manpower
merchants,Merchants
meritocracy,Meritocracy
migration_cost,Migration Cost
mil_advisor_cost,Mil Advisor Cost
mil_tech_cost_modifier,Military Technology Cost
military_tactics,Military Tactics
min_autonomy_in_territories,Min Autonomy in Territories
missionaries,Missionaries
missionary_maintenance_cost,Missionary Maintenance Cost
monarch_admin_power,Monarch Admin Power
monarch_diplomatic_power,Monarch Diplomatic Power
monarch_military_power,Monarch Military Power
monarch_power_tribute,Monarch Power Tribute
monthly_cultural_unity,Monthly Cultural Unity
monthly_favor_modifier,Monthly Favor Modifier
monthly_fervor_increase,Monthly Fervor
monthly_gold_inflation_modifier,Monthly Gold Inflation Modifier
monthly_persian_influence,Monthly Persian Influence
monthly_piety,Monthly Piety
monthly_piety_accelerator,Monthly Piety Accelerator
monthly_reform_progress,Monthly Reform Progress
monthly_reform_progress_modifier,Monthly Reform Progress Modifier
monthly_splendor,Monthly Splendor
morale_damage,Morale Damage
morale_damage_received,Morale Damage Received
movement_speed,Movement Speed
movement_speed_in_fleet_modifier,Movement Speed in Fleet Modifier
native_assimilation,Native Assimilation
native_uprising_chance,Native Uprising Chance
naval_attrition,Naval Attrition
naval_forcelimit_modifier,Naval Force Limit Modifier
naval_maintenance_modifier,Naval Maintenance Modifier
naval_morale,Morale of Navies
naval_tradition_from_battle,Naval Tradition from Battle
naval_tradition_from_trade,Naval Tradition from Trade
navy_tradition,Navy Tradition
navy_tradition_decay,Navy Tradition Decay
no_religion_penalty,Heretic and Heathen provinces do not give any penalties.
nobles_influence_modifier,Nobles Influence Modifier
nobles_loyalty_modifier,Nobles Loyalty Modifier
nomadic_tribes_loyalty_modifier,Nomadic Tribes Loyalty Modifier
num_accepted_cultures,Num Accepted Cultures
num_of_parliament_issues,Num of Parliament Issues
num_of_pronoiars,Num of Pronoiars
overextension_impact_modifier,Overextension Impact Modifier
own_coast_naval_combat_bonus,Own Coast Naval Combat Bonus
papal_influence,Papal Influence
placed_merchant_power,Placed Merchant Power
possible_condottieri,Possible Condottieri
possible_dip_policy,Possible Dip Policy
possible_mil_policy,Possible Mil Policy
possible_policy,Possible Policy
power_projection_from_insults,Power Projection from Insults
pr_captains_influence,Pr Captains Influence
prestige,Prestige
prestige_decay,Prestige Decay
prestige_from_land,Prestige from Land battles
prestige_from_naval,Prestige from Naval battles
prestige_per_development_from_conversion,Prestige per Development from Conversion
privateer_efficiency,Privateer Efficiency
production_efficiency,Production Efficiency
promote_culture_cost,Promote Culture Cost
province_warscore_cost,Province Warscore Cost
qizilbash_loyalty_modifier,Qizilbash Loyalty Modifier
qizilbash_privilege_slots,Qizilbash Privilege Slots
rajput_loyalty_modifier,Rajput Loyalty Modifier
range,Range
rebel_support_efficiency,Rebel Support Efficiency
recover_army_morale_speed,Recover Army Morale Speed
recover_navy_morale_speed,Recover Navy Morale Speed
reduced_liberty_desire,Reduced Liberty Desire
reduced_liberty_desire_on_other_continent,Reduced Liberty Desire on Other Continent
reduced_liberty_desire_on_same_continent,Reduced Liberty Desire on Same Continent
reduced_stab_impacts,Lowered impact on stability from diplomatic actions.
reelection_cost,Reelection Cost
reform_progress_growth,Reform Progress Growth
regiment_manpower_usage,Regiment Manpower Usage
reinforce_cost_modifier,Reinforce Cost Modifier
reinforce_speed,Reinforce Speed
religious_unity,Religious Unity
republican_tradition,Republican Tradition
reverse_relation_with_same_religion,Reverse Relation With Same Religion
rival_border_fort_maintenance,Rival Border Fort Maintenance
rival_change_cost,Rival Change Cost
sailor_maintenance_modifer,Sailor Maintenance Modifer
sailors_recovery_speed,Sailors Recovery Speed
same_culture_advisor_cost,Same Culture Advisor Cost
same_religion_advisor_cost,Same Religion Advisor Cost
sea_repair,Sea Repair
ship_durability,Ship Durability
ship_power_propagation,Ship Power Propagation
shock_damage,Shock Damage
shock_damage_received,Shock Damage Received
siege_ability,Siege Ability
siege_blockade_progress,Siege Blockade Progress
special_unit_cost_modifier,Special Unit Cost Modifier
spy_action_cost_modifier,Spy Action Cost Modifier
spy_offence,Spy Network Construction
stability_cost_modifier,Stability Cost Modifier
stability_cost_to_declare_war,Stability Cost to Declare War
state_governing_cost,State Governing Cost
state_maintenance_modifier,State Maintenance Modifier
sunk_ship_morale_hit_recieved,Sunk Ship Morale Hit Recieved
technology_cost,Technology Cost
tolerance_heathen,Tolerance of the Heathen Beliefs
tolerance_heretic,Tolerance of the Heretical Beliefs
tolerance_of_heathens_capacity,Tolerance of Heathens Capacity
tolerance_of_heretics_capacity,Tolerance of Heretics Capacity
tolerance_own,Tolerance of the True Faith
trade_company_governing_cost,Trade Company Governing Cost
trade_company_investment_cost,Trade Company Investment Cost
trade_efficiency,Trade Efficiency
trade_range_modifier,Trade Range Modifier
trade_steering,Trade Steering
transport_cost,Transport Cost
treasure_fleet_income,Treasure Fleet Income
tribal_development_growth,Tribal Development Growth
unjustified_demands,Unjustified Demands
vaisyas_loyalty_modifier,Vaisyas Loyalty Modifier
vassal_forcelimit_bonus,Vassal Force Limit Contribution
vassal_income,Vassal Income
vassal_naval_forcelimit_bonus,Vassal Naval Forcelimit Bonus
war_exhaustion,War Exhaustion
war_exhaustion_cost,Cost of Reducing War Exhaustion
war_taxes_cost_modifier,War Taxes Cost Modifier
warscore_cost_vs_other_religion,Warscore Cost Vs Other Religion
yearly_absolutism,Yearly Absolutism
yearly_army_professionalism,Yearly Army Professionalism
yearly_authority,Yearly Authority
yearly_corruption,Yearly Corruption
yearly_doom_reduction,Yearly Doom Reduction
yearly_government_power,Yearly Government Power
yearly_harmony,Yearly Harmony
yearly_karma_decay,Yearly Karma Decay
yearly_patriarch_authority,Yearly Patriarch Authority
years_of_nationalism,Years of Separatism
years_to_integrate_personal_union,Years to Integrate Personal Union
