category,eu5_modifier,eu5_desc,eu4_modifier,eu4_desc
administrative,,,administrative_efficiency,Administrative Efficiency
administrative,,,cossacks_privilege_slots,Cossacks Privilege Slots
administrative,,,country_admin_power,Country Admin Power
administrative,,,expand_administration_cost,Expand Administration Cost
administrative,,,free_adm_policy,Administrative Free Policies
administrative,,,ghulams_privilege_slots,Ghulams Privilege Slots
administrative,,,global_unrest,Global Unrest
administrative,,,governing_capacity_modifier,Governing Capacity Modifier
administrative,,,manpower_in_own_culture_provinces,Manpower In Own Culture Provinces
administrative,,,max_absolutism_effect,Max Absolutism Effect
administrative,,,meritocracy,Meritocracy
administrative,,,monarch_admin_power,Monarch Admin Power
administrative,,,monthly_reform_progress,Monthly Reform Progress
administrative,,,monthly_reform_progress_modifier,Monthly Reform Progress Modifier
administrative,,,num_of_parliament_issues,Num Of Parliament Issues
administrative,,,prestige_from_naval,Prestige From Naval
administrative,,,qizilbash_privilege_slots,Qizilbash Privilege Slots
administrative,,,reform_progress_growth,Reform Progress Growth
administrative,,,warscore_cost_vs_other_religion,War Score Cost vs Other Religions
administrative,,,yearly_absolutism,Yearly Absolutism
administrative,,,yearly_corruption,Yearly Corruption
administrative,allow_autocratic_parliament,Unlocks the Autocratic Parliament Type,,
administrative,allow_conquistadors,This allows us to gain a new army_based subject that has the ShowGovernmentReformName('conquistador_country') government_reform.,,
administrative,allow_constitutional_parliament,Unlocks the Constitutional Parliament Type,,
administrative,allow_council_parliament,Unlocks the Council Parliament Type,,
administrative,allow_estate_parliament,Unlocks the Estate Parliament Type,all_estate_loyalty_equilibrium,All Estate Loyalty Equilibrium
administrative,burghers_estate_agenda_impact,This modifies the support that the parliament_agendas that proposes from the Burghers Estate has.,burghers_influence_modifier,Burghers Influence Modifier
administrative,burghers_estate_max_tax,This impacts the maximum_tax that can be collected from the Burghers Estate.,,
administrative,burghers_estate_satisfaction_recovery,This impacts how quickly the estate_satisfaction recovers to the estate_satisfaction_equilibrium for the Burghers Estate in this country.,all_estate_loyalty_equilibrium,All Estate Loyalty Equilibrium
administrative,burghers_estate_target_satisfaction,This impacts the estate_satisfaction_equilibrium of the Burghers Estate in this country.,all_estate_loyalty_equilibrium,All Estate Loyalty Equilibrium
administrative,clergy_estate_agenda_impact,This modifies the support that the parliament_agendas that proposes from the Clergy Estate has.,church_loyalty_modifier,Church Loyalty Modifier
administrative,clergy_estate_max_tax,This impacts the maximum_tax that can be collected from the Clergy Estate.,,
administrative,clergy_estate_satisfaction_recovery,This impacts how quickly the estate_satisfaction recovers to the estate_satisfaction_equilibrium for the Clergy Estate in this country.,all_estate_loyalty_equilibrium,All Estate Loyalty Equilibrium
administrative,clergy_estate_target_satisfaction,This impacts the estate_satisfaction_equilibrium of the Clergy Estate in this country.,all_estate_loyalty_equilibrium,All Estate Loyalty Equilibrium
administrative,cultural_influence_modifier,This impacts the cultural_influence of our primary_culture.,burghers_influence_modifier,Burghers Influence Modifier
administrative,cultural_tradition_modifier,This impacts the cultural_tradition of our primary_culture.,,
administrative,dhimmi_estate_max_tax,This impacts the maximum_tax that can be collected from the Dhimmi Estate.,,
administrative,dhimmi_estate_target_satisfaction,This impacts the estate_satisfaction_equilibrium of the Dhimmi Estate in this country.,all_estate_loyalty_equilibrium,All Estate Loyalty Equilibrium
administrative,enable_taxation,This allows a country to collect taxes from their estates.,,
administrative,estate_enrichment,This impacts the estates_enrichment in a country.,all_estate_loyalty_equilibrium,All Estate Loyalty Equilibrium
administrative,estate_power_from_cabinet,This impacts the estate_power of the estate a character belongs to when assigned to cabinet.,all_estate_possible_privileges,All Estate Possible Privileges
administrative,global_bureaucracy_implementation_efficiency,This impacts how much it costs to add a bureaucracy to your government.,state_governing_cost,State Governing Cost
administrative,global_bureaucracy_maintenance_efficiency,This impacts how much it costs to maintain a bureaucracy in your government.,,
administrative,global_crown_estate_power,This impacts the estate_power of the Crown Estate or in other words the crown_power in the entire country.,yearly_government_power,Yearly Government Power
administrative,global_estate_max_tax,This impacts the maximum_tax that can be collected from all the estates in the country.,,
administrative,global_estate_satisfaction_recovery,This impacts how quickly the estate_satisfaction recovers to the estate_satisfaction_equilibrium for all the estates in the country.,all_estate_loyalty_equilibrium,All Estate Loyalty Equilibrium
administrative,global_estate_target_satisfaction,This impacts the estate_satisfaction_equilibrium of all the estates in the country.,all_estate_loyalty_equilibrium,All Estate Loyalty Equilibrium
administrative,global_hostile_attrition,This impacts the attrition of hostile armies in all locations we own and control.,hostile_attrition,Attrition for Enemies
administrative,global_integration_speed_modifier,This impacts how quickly a country can integrate locations.,core_creation,Core-Creation Cost
administrative,global_max_bureaucracy_slots,This impacts how many bureaucracies you can add to your government.,yearly_government_power,Yearly Government Power
administrative,global_max_literacy,This impacts the maximum literacy of all pops in a country.,max_absolutism,Maximum Absolutism
administrative,global_max_rgo_size_modifier,This impacts the maximum size of all rgo in a country,max_absolutism,Maximum Absolutism
administrative,global_max_rural_control,This modifies the maximum control of all rural_locations in a country.,min_autonomy_in_territories,Min Autonomy In Territories
administrative,global_monthly_control,This is how much control will change in all locations of a country.,autonomy_change_time,Autonomy Change Cooldown
administrative,global_monthly_control_decline,This is how much control will decrease when its above the maximum in all locations in a country.,autonomy_change_time,Autonomy Change Cooldown
administrative,global_monthly_urban_control,This is how much control will change in all urban_locations in a country.,global_autonomy,Global Autonomy
administrative,global_nobles_estate_power,This impacts the estate_power of the Nobles Estate in the entire country.,all_estate_possible_privileges,All Estate Possible Privileges
administrative,global_peasant_enfranchisment,This determines how much of the wealth_share of a location belongs to the Peasants Estate. The rest is transferred to the Nobles Estate.,estate_interaction_cooldown_modifier,Estate Interaction Cooldown Modifier
administrative,global_peasants_estate_power,This impacts the estate_power of the Peasants Estate in the entire country.,all_estate_possible_privileges,All Estate Possible Privileges
administrative,global_pop_assimilation_speed_modifier,This impacts how quickly pops assimilate in all locations of the country.,culture_conversion_cost,Culture Conversion Cost
administrative,global_trades_per_burgher,This impacts how much trade per population the Burghers Estate in the country can do on their own.,global_own_trade_power,Domestic Trade Power
administrative,global_war_score_efficiency,This impacts how much war_score it will cost for this country to take territory.,province_warscore_cost,Province Warscore Cost
administrative,government_reform_slots,This impacts how many government_reforms a country can have.,yearly_government_power,Yearly Government Power
administrative,government_size,This impacts how many characters that can be in cabinet at the same time.,yearly_government_power,Yearly Government Power
administrative,grant_privilege_cost_modifier,This impacts how much it costs to grant an estate_privilege.,estate_interaction_cooldown_modifier,Estate Interaction Cooldown Modifier
administrative,harmony_stability,"This nudges harmony back toward balance each month, helping the country hold the optimal equilibrium.",,
administrative,has_stability_investment,This allows stability_investment for a country.,stability_cost_modifier,Stability Cost Modifier
administrative,ignore_zone_of_control,This impacts if an army can ignore a hostile zone_of_control.,,
administrative,monthly_legitimacy,This impacts how much legitimacy a country gets each month.,legitimacy,Legitimacy
administrative,monthly_peasants_estate_rebel_growth,This impacts how quickly Peasants Estate rebels progress to a civil_war.,all_estate_possible_privileges,All Estate Possible Privileges
administrative,monthly_prestige,This impacts how much prestige we will get each month.,prestige,Prestige
administrative,monthly_republican_tradition,This impacts how much republican_tradition a country gets each month.,republican_tradition,Republican Tradition
administrative,monthly_self_control,This impacts how much self_control a country gets each month.,global_autonomy,Global Autonomy
administrative,nobles_estate_agenda_impact,This modifies the support that the parliament_agendas that proposes from the Nobles Estate has.,nobles_loyalty_modifier,Nobles Loyalty Modifier
administrative,nobles_estate_satisfaction_recovery,This impacts how quickly the estate_satisfaction recovers to the estate_satisfaction_equilibrium for the Nobles Estate in this country.,all_estate_loyalty_equilibrium,All Estate Loyalty Equilibrium
administrative,nobles_estate_target_satisfaction,This impacts the estate_satisfaction_equilibrium of the Nobles Estate in this country.,all_estate_loyalty_equilibrium,All Estate Loyalty Equilibrium
administrative,parliament_base_support,This impacts how much support there is for issues when a parliament is called.,,
administrative,parliament_duration_modifier,This impacts how long a parliament is in session for.,,
administrative,peasants_estate_agenda_impact,This modifies the support that the parliament_agendas that proposes from the Peasants Estate has.,all_estate_loyalty_equilibrium,All Estate Loyalty Equilibrium
administrative,peasants_estate_max_tax,This impacts the maximum_tax that can be collected from the Peasants Estate.,,
administrative,peasants_estate_satisfaction_recovery,This impacts how quickly the estate_satisfaction recovers to the estate_satisfaction_equilibrium for the Peasants Estate in this country.,all_estate_loyalty_equilibrium,All Estate Loyalty Equilibrium
administrative,peasants_estate_target_satisfaction,This impacts the estate_satisfaction_equilibrium of the Peasants Estate in this country.,all_estate_loyalty_equilibrium,All Estate Loyalty Equilibrium
administrative,prestige_decay,"This impacts the decay towards 0 prestige, where the decay is a percentage of the current prestige.",prestige_decay,Prestige Decay
administrative,prestige_from_land_battle,This impacts the amount of prestige a country get from their armies participating in a battle.,prestige_from_land,Prestige From Land
administrative,rank_empire_upgrade_cost_modifier,This impacts how much it costs to change country_rank to Rank Empire.,,
administrative,revoke_privilege_cost_modifier,This impacts how much it costs to revoke an estate_privilege.,all_estate_possible_privileges,All Estate Possible Privileges
administrative,stability_cost_efficiency,This impacts the efficiency of stability_investment.,stability_cost_modifier,Stability Cost Modifier
administrative,stability_decay,"This impacts the decay towards 0 stability, where the decay is a percentage of the current stability.",stability_cost_modifier,Stability Cost Modifier
administrative,stability_investment,This will either give a bonus or penalty to the stability_investment we get from budget.,stability_cost_modifier,Stability Cost Modifier
administrative,trade_company_headquarters_level,This modifies how many levels a Trade Company Headquarters can have.,trade_company_governing_cost,Trade Company Governing Cost
administrative,tribes_estate_target_satisfaction,This impacts the estate_satisfaction_equilibrium of the Tribes Estate in this country.,all_estate_loyalty_equilibrium,All Estate Loyalty Equilibrium
administrative,war_no_cb_cost_modifier,This impacts how much it costs to declare a war without a casus_belli.,stability_cost_to_declare_war,Stability Cost To Declare War
economic,,,can_transfer_vassal_wargoal,Can Transfer Vassal Wargoal
economic,,,curia_powers_cost,Curia Powers Cost
economic,global_monthly_development,This impacts how much development changes monthly in all locations in a country.,development_cost_in_primary_culture,Development Cost In Primary Culture
economic,global_monthly_prosperity,This impacts how much prosperity changes monthly in all locations in a country.,development_cost_in_primary_culture,Development Cost In Primary Culture
economic,,,embargo_efficiency,Embargo Efficiency
economic,,,embracement_cost,Institution Embracement Cost
economic,,,enforce_religion_cost,Cost of enforcing religion through war
economic,,,expand_infrastructure_cost_modifier,Expand Infrastructure Cost Modifier
economic,,,fabricate_claims_cost,Fabricate Claims Cost
economic,,,flagship_cost,Flagship Cost
economic,,,global_allowed_num_of_buildings,Global Allowed Num Of Buildings
economic,,,global_foreign_trade_power,Trade Power Abroad
economic,,,global_naval_barrage_cost,Global Naval Barrage Cost
economic,,,global_regiment_cost,Global Regiment Cost
economic,,,global_ship_cost,Global Ship Cost
economic,,,gold_depletion_chance_modifier,Gold Depletion Chance Modifier
economic,,,great_project_upgrade_cost,Great Project Upgrade Cost
economic,,,harsh_treatment_cost,Harsh Treatment Cost
economic,,,institution_spread_from_true_faith,Institution Spread In True Faith Provinces
economic,,,justify_trade_conflict_cost,Justify Trade Conflict Cost
economic,,,leader_cost,Leader Cost
economic,,,liberty_desire_from_subject_development,Liberty Desire from Subjects Development
economic,,,mercantilism_cost,Mercantilism Cost
economic,,,migration_cost,Migration Cost
economic,,,missionary_maintenance_cost,Missionary Maintenance Cost
economic,,,reelection_cost,Reelection Cost
economic,,,reinforce_cost_modifier,Reinforce Cost Modifier
economic,,,rival_border_fort_maintenance,Fort Maintenance on border with rival
economic,,,rival_change_cost,Change Rival Cost
economic,,,sailor_maintenance_modifer,Sailor Maintenance Modifer
economic,,,special_unit_cost_modifier,Special Unit Cost Modifier
economic,,,state_maintenance_modifier,State Maintenance Modifier
economic,,,trade_company_investment_cost,Trade Company Investment Cost
economic,,,transport_cost,Transport Cost
economic,,,treasure_fleet_income,Treasure Fleet Income
economic,,,tribal_development_growth,Tribal Development Growth
economic,,,vassal_income,Vassal Income
economic,,,war_exhaustion_cost,War Exhaustion Cost
economic,,,war_taxes_cost_modifier,War Taxes Cost
economic,accepted_culture_maintenance_cost_modifier,This impacts the ongoing Cultural Capacity cost of each accepted_culture.,num_accepted_cultures,Num Accepted Cultures
economic,activate_avatar_cost_modifier,This impacts the costs of Activate Avatar.,,
economic,allow_extensive_conscription_cabinet_action,This allows us to use the Byz Extensive Conscription cabinet_action.,,
economic,allow_female_cabinet,This allows all female characters to work in the cabinet.,,
economic,antagonism_development_impact,This impacts how much the development of a location contributes to the antagonism generated when taking it.,ae_impact,AE Impact
economic,army_artillery_build_cost_modifier,This impacts how much it costs to recruit a Army Artillery.,artillery_cost,Artillery Cost
economic,army_auxiliary_build_cost_modifier,This impacts how much it costs to recruit a Army Auxiliary.,infantry_cost,Infantry Cost
economic,army_heavy_cavalry_build_cost_modifier,This impacts how much it costs to recruit a Army Heavy Cavalry.,cavalry_cost,Cavalry Cost
economic,army_heavy_infantry_build_cost_modifier,This impacts how much it costs to recruit a Army Heavy Infantry.,infantry_cost,Infantry Cost
economic,army_light_cavalry_build_cost_modifier,This impacts how much it costs to recruit a Army Light Cavalry.,cavalry_cost,Cavalry Cost
economic,army_light_infantry_maintenance_cost_modifier,This impacts how much it costs to maintain a Army Light Infantry.,infantry_cost,Infantry Cost
economic,army_logistics_distance,This impacts how far an army can trace for a food_source.,,
economic,army_logistics_distance_modifier,This impacts how far an army can trace for a food_source.,,
economic,artist_salary_modifier,This impacts the amount of gold that artists require.,,
economic,bank_interest,This impacts the interest for loans taken from the national bank.,interest,Interest
economic,build_gravel_road_cost_modifier,This impacts the cost of building a Gravel Road in this country.,build_cost,Build Cost
economic,build_modern_road_cost_modifier,This impacts the cost of building a Modern Road in this country.,build_cost,Build Cost
economic,build_paved_road_cost_modifier,This impacts the cost of building a Paved Road in this country.,build_cost,Build Cost
economic,build_railroad_cost_modifier,This impacts the cost of building a Railroad in this country.,build_cost,Build Cost
economic,building_upkeep_efficiency,"This impacts how efficiently we maintain our buildings, reducing their monthly gold upkeep.",,
economic,can_build_cities,This allows us to build towns_or_cities.,,
economic,can_extract_alum,This allows the extraction of Alum by allowing an rgo in a location.,,
economic,can_extract_coal,This allows the extraction of Coal by allowing an rgo in a location.,,
economic,can_extract_copper,This allows the extraction of Copper by allowing an rgo in a location.,,
economic,can_extract_goods_gold,This allows the extraction of Goods Gold by allowing an rgo in a location.,,
economic,can_extract_iron,This allows the extraction of Iron by allowing an rgo in a location.,,
economic,can_extract_lead,This allows the extraction of Lead by allowing an rgo in a location.,,
economic,can_extract_legumes,This allows the extraction of Legumes by allowing an rgo in a location.,,
economic,can_extract_maize,This allows the extraction of Maize by allowing an rgo in a location.,,
economic,can_extract_marble,This allows the extraction of Marble by allowing an rgo in a location.,,
economic,can_extract_mercury,This allows the extraction of Mercury by allowing an rgo in a location.,,
economic,can_extract_millet,This Farm the extraction of Millet by allowing an rgo in a location.,,
economic,can_extract_potato,This allows the extraction of Potato by allowing an rgo in a location.,,
economic,can_extract_rice,This allows the extraction of Rice by allowing an rgo in a location.,,
economic,can_extract_saltpeter,This allows the extraction of Saltpeter by allowing an rgo in a location.,,
economic,can_extract_silver,This allows the extraction of Silver by allowing an rgo in a location.,,
economic,can_extract_stone,This allows the extraction of Stone by allowing an rgo in a location.,,
economic,can_extract_tin,This allows the extraction of Tin by allowing an rgo in a location.,,
economic,can_extract_wheat,This allows the extraction of Wheat by allowing an rgo in a location.,,
economic,can_sell_bonds,This country has the financial infrastructure to issue government_bonds.,interest,Interest
economic,cardinal_price_cost_modifier,This impacts how much it costs to get a Seat Of Cardinal.,,
economic,change_liturgical_language_cost_modifier,This impacts how much it costs to change liturgical_language.,,
economic,change_policy_cost_modifier,This impacts how much it costs to change a policy in a law.,,
economic,city_upgrade_cost_modifier,This impacts the costs of creating a City.,,
economic,cleansing_ritual_purity_cost_modifier,This impacts the costs of Cleansing Ritual Purity.,,
economic,colonial_maintenance_efficiency,"This impacts how efficiently we maintain our colonial_charters, reducing their monthly gold upkeep.",,
economic,country_cabinet_efficiency,This impacts the cabinet_efficiency of all characters in the cabinet of a country.,adm_advisor_cost,Administrative Advisor Cost
economic,country_cabinet_efficiency,This impacts the cabinet_efficiency of all characters in the cabinet of a country.,advisor_cost,Advisor Cost
economic,country_cabinet_efficiency,This impacts the cabinet_efficiency of all characters in the cabinet of a country.,advisor_pool,Possible Advisors
economic,country_cabinet_efficiency,This impacts the cabinet_efficiency of all characters in the cabinet of a country.,dip_advisor_cost,Diplomatic Advisor Cost
economic,country_cabinet_efficiency,This impacts the cabinet_efficiency of all characters in the cabinet of a country.,female_advisor_chance,Female Advisor Chance
economic,country_cabinet_efficiency,This impacts the cabinet_efficiency of all characters in the cabinet of a country.,mil_advisor_cost,Military Advisor Cost
economic,country_cabinet_efficiency,This impacts the cabinet_efficiency of all characters in the cabinet of a country.,same_culture_advisor_cost,Same Culture Advisor Cost
economic,country_cabinet_efficiency,This impacts the cabinet_efficiency of all characters in the cabinet of a country.,same_religion_advisor_cost,Same Religion Advisor Cost
economic,court_spending_efficiency,This impacts the efficiency of court_maintenance spending.,,
economic,create_autocephalous_patriarchate_cost_modifier,This impacts the costs of Create Autocephalous Patriarchate.,,
economic,cultures_capacity,This impacts how many accepted_cultures and tolerated_cultures a country can have. Some cultures cost less.,num_accepted_cultures,Num Accepted Cultures
economic,cultures_capacity_modifier,This impacts how many accepted_cultures and tolerated_cultures a country can have. Some cultures cost less.,promote_culture_cost,Promote Culture Cost
economic,deactivate_avatar_cost_modifier,This impacts the costs of Deactivate Avatar.,,
economic,diplomatic_spending_cost,This impacts how much of the tax_base that is expected to be diplomatic_maintenance.,,
economic,dismiss_religious_figure_cost_modifier,This impacts how much it costs to dismiss invited_religious_figures.,,
economic,embrace_institution_cost_modifier,This impacts how much it costs to embrace an institution.,global_institution_spread,Institution Spread
economic,estate_building_destruction_satisfaction_impact,This impacts the estate_satisfaction of the estate that build a building when a country destroys it.,,
economic,expand_rgo_farming_cost_modifier,This impacts how much it costs to increase the number of pops working with raw_materials that requires farms. Raw Goods using Farming : GetListOfGoodsUsingMethod('farming').,,
economic,expand_rgo_mining_cost_modifier,This impacts how much it costs to increase the number of pops working with raw_materials that requires mines. Raw Goods using Mining : GetListOfGoodsUsingMethod('mining').,,
economic,exploration_maintenance_efficiency,"This impacts how efficiently we fund explorations, reducing their monthly gold cost.",,
economic,food_consumption_modifier,This impacts how much food a unit consumes each month.,,
economic,food_purchase_efficiency,This impacts the cost in gold for when provinces need to buy food.,,
economic,fort_limit,"A soft limit on the number of forts a country can manage. Having more forts than the limit will result in decreased ShowModifierTypeName('fort_maintenance_efficiency'). A Fort without zone_of_control, for example Stockade, will only cost half Fort Limit.",fort_maintenance_modifier,Fort Maintenance Modifier
economic,fort_limit_modifier,"A soft limit on the number of forts a country can manage. Having more forts than the limit will result in decreased ShowModifierTypeName('fort_maintenance_efficiency'). A Fort without zone_of_control, for example Stockade, will only cost half Fort Limit.",fort_maintenance_modifier,Fort Maintenance Modifier
economic,fort_maintenance_efficiency,"This impacts how efficiently we maintain our fortifications, reducing their monthly gold upkeep.",fort_maintenance_modifier,Fort Maintenance Modifier
economic,global_build_buildings_efficiency,"This impacts how efficiently we can construct buildings across all locations in a country, reducing their gold cost.",build_cost,Build Cost
economic,global_clergy_food_consumption,This impacts how much food that Clergy pops will consume in the entire country.,,
economic,global_clergy_rural_desired_pop,Impacts how many Clergy can live in rural_locations in this country.,,
economic,global_construction_speed,"This impacts how quickly buildings, rgo or roads are built in this country.",build_cost,Build Cost
economic,global_devastation_recovery,This impacts how fast prosperity recovers monthly in all locations in a country.,,
economic,global_food_capacity,This impacts how much food can be stored in all provinces in a country.,,
economic,global_food_decay,This impacts how much stored food is lost every month.,,
economic,global_foreign_build_buildings_efficiency,"This impacts how efficiently we can construct buildings in locations owned by another country, reducing their gold cost.",build_cost,Build Cost
economic,global_fort_build_buildings_efficiency,"This impacts how efficiently we can construct forts across all locations in a country, reducing their gold cost.",fort_maintenance_modifier,Fort Maintenance Modifier
economic,global_institution_growth_modifier,This impacts how quickly institutions spread into all locations of this country.,global_institution_spread,Institution Spread
economic,global_max_rgo_size_modifier_in_non_rural,This impacts the maximum size of rgo in towns_and_cities in a country.,,
economic,global_max_rgo_size_modifier_in_rural,This impacts the maximum size of rgo in rural_locations in a country.,,
economic,global_may_build_paik_units,"Allows the recruitment of A Early Paik Infantry, A Paik Infantry, and A Late Paik Infantry, depending on the age.",infantry_cost,Infantry Cost
economic,global_mercenaries_modifier,This impacts how large the recruitable mercenary companies from locations a country owns can be.,mercenary_cost,Mercenary Cost
economic,global_merchant_capacity_modifier,This impacts how much merchant_capacity a country gets from its locations and buildings.,trade_range_modifier,Trade Range Modifier
economic,global_mills_build_buildings_efficiency,"This impacts how efficiently we can construct mill buildings across all locations in a country, reducing their gold cost.",build_cost,Build Cost
economic,global_monthly_development,This impacts how much development changes monthly in all locations in a country.,development_cost,Development Cost
economic,global_monthly_food_modifier,This impacts how much food is produced in all locations in a country.,production_efficiency,Production Efficiency
economic,global_monthly_prosperity,This impacts how much prosperity changes monthly in all locations in a country.,development_cost,Development Cost
economic,global_pop_food_consumption,This impacts how much food that pops will consume in the entire country.,,
economic,global_population_capacity_modifier,This impacts how many pops can live in all locations in this country.,,
economic,global_population_growth,This impacts the population_growth of all locations in a country.,global_prosperity_growth,Global Prosperity Growth
economic,global_port_build_buildings_efficiency,"This impacts how efficiently we can construct port related buildings across all locations in a country, reducing their gold cost.",build_cost,Build Cost
economic,global_production_efficiency,This impacts the production_efficiency in the entire country.,production_efficiency,Production Efficiency
economic,global_rgo_build_time,This impacts how much time it takes to expand the number of pops gathering raw_materials in all locations in a country.,build_time,Build Time
economic,global_road_building_time,This impacts how much time it will take to build roads in a country.,build_time,Build Time
economic,global_rural_build_buildings_efficiency,"This impacts how efficiently we can construct buildings in all rural_location in a country, reducing their gold cost.",build_cost,Build Cost
economic,global_urban_build_buildings_efficiency,"This impacts how efficiently we can construct buildings in all urban_location in a country, reducing their gold cost.",build_cost,Build Cost
economic,goods_gold_impacts_inflation,This determines how the production of Goods Gold impacts inflation in the country.,,
economic,has_cultural_maintenance,This allows a country to use cultural_maintenance.,,
economic,has_road_building,Allowing a country to build roads.,,
economic,head_of_cabinet_promotion_cost_modifier,This modifies the cost of the ShowCharacterInteractionName('promote_to_head_of_cabinet') character_interaction.,,
economic,hills_proximity_impact,This impacts the proximity cost when going through ShowTopographyName('hills').,,
economic,hire_advisor_cost_modifier,This impacts how much it costs to hire a new character to enter our court.,,
economic,hire_artist_cost_modifier,This impacts how much it costs to hire a new artist to enter our court.,,
economic,hire_mercenary_premium_cost_modifier,This impacts how much it costs to hire a mercenary.,,
economic,hire_privateer_cost_modifier,This impacts how much it costs to hire privateers.,privateer_efficiency,Privateer Efficiency
economic,invite_artist_cost_modifier,This impacts how much it costs to invite an artist,,
economic,invite_religious_figure_different_school_cost_modifier,This impacts how much it costs to invite_religious_figures.,,
economic,invite_religious_figure_same_school_cost_modifier,This impacts how much it costs to invite_religious_figures.,,
economic,land_cost_on_distance_from_capital_speed_propagation,This impacts the speed that proximity moves through locations when going through a normal location.,,
economic,max_bonds,Increases the maximum number of government_bonds this country can have outstanding at one time.,interest,Interest
economic,max_bonds_modifier,Increases the maximum number of government_bonds by a percentage of the flat maximum.,interest,Interest
economic,megalopolis_upgrade_cost_modifier,This impacts the costs of creating a Megalopolis.,,
economic,mercenary_maintenance_efficiency,This impacts how much gold is paid for any mercenaries.,merc_maintenance_modifier,Merc Maintenance Modifier
economic,merchant_maintenance_efficiency,This impacts how much our merchants cost when doing trades.,merchants,Merchants
economic,miaphysite_monastery_building_cost_modifier,This impacts how much it costs to build a Miaphysite Monastery.,,
economic,minting_income_factor,This impacts how much gold that a country will get from minting.,,
economic,minting_inflation_threshold,This impacts how much minting can be done for a country before they get inflation.,inflation_reduction,Inflation Reduction
economic,monthly_inflation,This impacts how much inflation we will get each month.,monthly_gold_inflation_modifier,Monthly Gold Inflation Modifier
economic,monthly_loan_capacity_investment,This impacts the monthly increase of the loan_capacity of a country.,inflation_reduction,Inflation Reduction
economic,mountains_proximity_impact,This impacts the proximity cost when going through ShowTopographyName('mountains').,,
economic,movement_speed_if_no_road,This impacts how fast an army can move between locations where there is not a road.,,
economic,national_church_power_cost_modifier,This impacts the costs for Church Power actions.,church_power_modifier,Church Power Modifier
economic,naval_range_modifier,This impacts the naval_range of a country.,naval_maintenance_modifier,Naval Maintenance Modifier
economic,navy_galley_build_cost_modifier,This impacts how much it costs to recruit a Navy Galley.,galley_cost,Galley Cost
economic,navy_heavy_ship_build_cost_modifier,This impacts how much it costs to recruit a Navy Heavy Ship.,heavy_ship_cost,Heavy Ship Cost
economic,navy_light_ship_build_cost_modifier,This impacts how much it costs to recruit a Navy Light Ship.,light_ship_cost,Light Ship Cost
economic,nobles_estate_allowed_to_build_roads,This allows the Nobles Estate to being construction of roads.,,
economic,non_rural_migration_attraction,This impacts if pops want migrate to or away from towns_and_cities in a country.,,
economic,num_local_governors,This determines how many Local Governor a country can build.,,
economic,num_naval_governors,This determines how many Naval Governor a country can build.,,
economic,orthodox_monastery_building_cost_modifier,This impacts how much it costs to build a Orthodox Monastery.,,
economic,orthodox_synod_cost_modifier,This impacts the costs of Orthodox Synod.,,
economic,perform_tantric_ritual_cost_modifier,This impacts the costs of Perform Tantric Ritual.,,
economic,pilgrimage_action_cost_modifier,This impacts the costs of Pilgrimage Action.,spy_action_cost_modifier,Spy Action Cost Modifier
economic,plateau_proximity_impact,This impacts the proximity cost when going through ShowTopographyName('plateau').,,
economic,port_cost_distance_from_capital,This impacts the proximity cost between locations when going from a port to a seazone or reverse.,,
economic,privateer_maintenance_cost_modifier,This impacts how much it costs to maintain privateers.,privateer_efficiency,Privateer Efficiency
economic,raw_material_in_province_impact,This impacts the production_efficiency for a building if the required raw_material are made in the same province.,production_efficiency,Production Efficiency
economic,recruit_explorer_cost_modifier,This impacts how much it costs to recruit an explorer.,,
economic,replace_cabinet_member_cost_modifier,This impacts how much it costs to replace a cabinet_member.,,
economic,research_speed_modifier,This impacts the generation of research_progress of a country.,adm_tech_cost_modifier,Adm Tech Cost Modifier
economic,research_speed_modifier,This impacts the generation of research_progress of a country.,dip_tech_cost_modifier,Dip Tech Cost Modifier
economic,research_speed_modifier,This impacts the generation of research_progress of a country.,idea_cost,Idea Cost
economic,research_speed_modifier,This impacts the generation of research_progress of a country.,mil_tech_cost_modifier,Mil Tech Cost Modifier
economic,research_speed_modifier,This impacts the generation of research_progress of a country.,technology_cost,Technology Cost
economic,road_cost_on_distance_from_capital,This impacts the proximity cost between locations when going through a road.,,
economic,rural_disease_resistance,This impacts the disease_resistance in all rural_locations in a country.,,
economic,rural_migration_attraction,This impacts if pops want migrate to or away from rural_locations in a country.,,
economic,sea_cost_on_distance_from_capital,This impacts the proximity cost between locations when going through a seazone that is not adjacent to any land.,,
economic,sea_cost_on_distance_from_capital_when_maritime,This impacts the proximity cost between locations when going through a seazone with maritime_presence.,,
economic,select_expensive_child_education_cost_modifier,This impacts how much it costs to start an expensive child_education.,,
economic,select_omen_god_cost_modifier,This impacts the costs of Select Omen God.,,
economic,set_cabinet_member_cost_modifier,This impacts how much it costs to assign a cabinet_member to an empty position.,,
economic,ship_build_speed,This impacts how quickly a ship can be built in a country.,,
economic,spy_network_construction,This impacts how good a country is at building up spy_networks.,spy_offence,Spy Offence
economic,subject_income_modifier,This increases how much the subjects will pay to a country each month.,,
economic,subject_pays_colonial_cost_modifier,This impacts how much a Colonial Nation gives to its overlord each month.,,
economic,supply_depot_capacity,This impacts how much food a supply_depot can store.,,
economic,tax_income_efficiency,This impacts the tax_efficiency of a country.,global_tax_modifier,Global Tax Modifier
economic,tolerated_culture_maintenance_cost_modifier,This impacts the ongoing Cultural Capacity cost of each tolerated_culture.,,
economic,total_loan_capacity_modifier,This impacts the total amount of the loan_capacity a country can have.,,
economic,town_upgrade_cost_modifier,This impacts the costs of creating a Town.,,
economic,trade_income,Trade Income Desc,trade_efficiency,Trade Efficiency
economic,train_admiral_cost_modifier,This impacts how much it costs to train a new admiral.,admiral_cost,Admiral Cost
economic,train_general_cost_modifier,This impacts how much it costs to train a new general.,general_cost,General Cost
economic,work_of_art_sell_value_modifier,This impacts the gold received when selling a work_of_art to another country.,,
military,,,allow_mercenary_drill,Allow Mercenary Drill
military,army_artillery_power,This impacts the combat ability of Army Artillery regiments.,artillery_fire,Artillery Fire
military,,,artillery_level_modifier,Artillery Level Modifier
military,army_artillery_power,This impacts the combat ability of Army Artillery regiments.,artillery_shock,Artillery Shock
military,army_artillery_power,This impacts the combat ability of Army Artillery regiments.,backrow_artillery_damage,Artillery Damage from Back Row
military,army_light_cavalry_power,This impacts the combat ability of Army Light Cavalry regiments.,cav_to_inf_ratio,Cavalry to Infantry Ratio
military,army_heavy_cavalry_power,This impacts the combat ability of Army Heavy Cavalry regiments.,cav_to_inf_ratio,Cavalry to Infantry Ratio
military,army_light_cavalry_power,This impacts the combat ability of Army Light Cavalry regiments.,cavalry_fire,Cavalry Fire
military,army_heavy_cavalry_power,This impacts the combat ability of Army Heavy Cavalry regiments.,cavalry_shock,Cavalry Shock
military,army_light_cavalry_power,This impacts the combat ability of Army Light Cavalry regiments.,cavalry_flanking,Cavalry Flanking
military,army_heavy_cavalry_power,This impacts the combat ability of Army Heavy Cavalry regiments.,cavalry_flanking,Cavalry Flanking
military,experience_decay,This modifies the percentage of the current experience of a regiment or ship that decays each month.,drill_gain_modifier,Drill Gain Modifier
military,army_artillery_power,This impacts the combat ability of Army Artillery regiments.,fire_damage,Fire Damage
military,army_light_cavalry_power,This impacts the combat ability of Army Light Cavalry regiments.,fire_damage,Fire Damage
military,army_light_infantry_power,This impacts the combat ability of Army Light Infantry regiments.,fire_damage,Fire Damage
military,military_tactics,This impacts the military_tactics of a regiment.,fire_damage_received,Fire Damage Received
military,train_admiral_cost_modifier,This impacts how much it costs to train a new admiral.,free_leader_pool,Leader(s) without Upkeep
military,train_general_cost_modifier,This impacts how much it costs to train a new general.,free_leader_pool,Leader(s) without Upkeep
military,,,garrison_damage,Garrison Damage
military,,,global_naval_engagement_modifier,Global Naval Engagement Modifier
military,,,global_ship_recruit_speed,Global Ship Recruit Speed
military,army_light_infantry_power,This impacts the combat ability of Army Light Infantry regiments.,infantry_fire,Infantry Fire
military,army_heavy_infantry_power,This impacts the combat ability of Army Heavy Infantry regiments.,infantry_shock,Infantry Shock
military,,,land_forcelimit_modifier,Land Forcelimit Modifier
military,,,leader_land_fire,Leader Land Fire
military,,,leader_land_manuever,Leader Land Manuever
military,,,leader_land_shock,Leader Land Shock
military,,,leader_naval_fire,Leader Naval Fire
military,,,leader_naval_manuever,Leader Naval Manuever
military,,,leader_naval_shock,Leader Naval Shock
military,,,leader_siege,Leader Siege
military,,,manpower_in_true_faith_provinces,Manpower In True Faith Provinces
military,,,manpower_recovery_speed,Manpower Recovery Speed
military,,,max_general_fire,Max General Fire
military,,,max_hostile_attrition,Max Hostile Attrition
military,,,may_recruit_female_generals,May Recruit Female Generals
military,,,merc_leader_army_tradition,Merc Leader Army Tradition
military,,,mercenary_discipline,Mercenary Discipline
military,,,mercenary_manpower,Mercenary Manpower
military,,,morale_damage,Morale Damage
military,,,morale_damage_received,Morale Damage Received
military,,,naval_forcelimit_modifier,Naval Forcelimit Modifier
military,,,naval_tradition_from_battle,Naval Tradition From Battle
military,,,naval_tradition_from_trade,Naval Tradition From Trade
military,,,sailors_recovery_speed,Sailors Recovery Speed
military,,,ship_durability,Ship Durability
military,,,ship_power_propagation,Ship Tradepower Propagation
military,army_artillery_power,This impacts the combat ability of Army Artillery regiments.,shock_damage,Shock Damage
military,army_heavy_cavalry_power,This impacts the combat ability of Army Heavy Cavalry regiments.,shock_damage,Shock Damage
military,army_heavy_infantry_power,This impacts the combat ability of Army Heavy Infantry regiments.,shock_damage,Shock Damage
military,military_tactics,This impacts the military_tactics of a regiment.,shock_damage_received,Shock Damage Received
military,,,siege_blockade_progress,Blockade Impact on Siege
military,,,sunk_ship_morale_hit_recieved,Sunk Ship Morale Hit Recieved
military,,,vassal_naval_forcelimit_bonus,Vassal Naval Forcelimit Bonus
military,,,yearly_army_professionalism,Yearly Army Professionalism
military,always_allow_army_levies,"Allows a country to always raise their army_levies, even when they are not at war and have no rebels.",,
military,amount_looted_modifier,This impacts the amount an army can loot.,loot_amount,Loot Amount
military,army_artillery_maintenance_cost_modifier,This impacts how much it costs to maintain a Army Artillery.,land_maintenance_modifier,Land Maintenance Modifier
military,army_artillery_power,This impacts the combat ability of Army Artillery regiments.,artillery_power,Artillery Combat Ability
military,army_disembark_speed,This impacts how fast an army can disembark from a navy to an adjacent location.,,
military,army_heavy_cavalry_maintenance_cost_modifier,This impacts how much it costs to maintain a Army Heavy Cavalry.,land_maintenance_modifier,Land Maintenance Modifier
military,army_heavy_cavalry_power,This impacts the combat ability of Army Heavy Cavalry regiments.,cavalry_power,Cavalry Combat Ability
military,army_heavy_infantry_maintenance_cost_modifier,This impacts how much it costs to maintain a Army Heavy Infantry.,land_maintenance_modifier,Land Maintenance Modifier
military,army_heavy_infantry_power,This impacts the combat ability of Army Heavy Infantry regiments.,infantry_power,Infantry Combat Ability
military,army_heavy_infantry_reinforce_cost_modifier,This impacts how much it costs to reinforce a Army Heavy Infantry.,infantry_cost,Infantry Cost
military,army_initiative,This impacts the initiative of a regiment in battle.,army_tradition_from_battle,Army Tradition From Battle
military,army_light_cavalry_maintenance_cost_modifier,This impacts how much it costs to maintain a Army Light Cavalry.,land_maintenance_modifier,Land Maintenance Modifier
military,army_light_cavalry_power,This impacts the combat ability of Army Light Cavalry regiments.,cavalry_power,Cavalry Combat Ability
military,army_light_cavalry_reinforce_cost_modifier,This impacts how much it costs to reinforce a Army Light Cavalry.,cavalry_cost,Cavalry Cost
military,army_light_infantry_power,This impacts the combat ability of Army Light Infantry regiments.,infantry_power,Infantry Combat Ability
military,army_light_infantry_reinforce_cost_modifier,This impacts how much it costs to reinforce a Army Light Infantry.,infantry_cost,Infantry Cost
military,army_maintenance_efficiency,This changes how much gold and manpower is required to maintain a regiment.,regiment_manpower_usage,Regiment Manpower Usage
military,army_movement_speed,This impacts how fast an army can move between locations.,movement_speed,Movement Speed
military,army_reinforce_efficiency,"This impacts how efficiently we can reinforce a regiment, reducing its gold and manpower cost.",regiment_manpower_usage,Regiment Manpower Usage
military,army_tradition_decay,This modifies the percentage of the current army_tradition of a regiment that decays each month.,army_tradition_decay,Army Tradition Decay
military,army_tradition_from_battle,This impacts the amount of army_tradition a country get from their armies participating in a battle.,army_tradition_from_battle,Army Tradition From Battle
military,artillery_bonus_vs_fort,This impacts the bonus that Army Artillery gives during a siege.,artillery_cost,Artillery Cost
military,assault_ability,This impacts how well an army can perform an assault.,,
military,blockade_efficiency,This impacts the blockade_capacity of a navy.,blockade_efficiency,Blockade Efficiency
military,can_convert_galleys_to_light,This enables the ShowUnitAbilityName('convert_galley_to_light_ship') and the ShowUnitAbilityName('convert_light_ship_to_galley') unit_abilities for Navy Galley and Navy Light Ship respectively.,,
military,combat_speed_modifier,This impacts the combat_speed of a regiment or ship in battle.,,
military,discipline,This impacts the discipline of a regiment.,discipline,Discipline
military,experience_decay,This modifies the percentage of the current experience of a regiment or ship that decays each month.,,
military,global_defensive,This impacts how quick a siege will go against a country.,defensiveness,Defensiveness
military,global_firearms_output_modifier,This modifies the output of Firearms in the entire country.,,
military,global_garrison_growth,This impacts how quickly garrisons will reach their maximum size in all forts that a country controls.,global_garrison_growth,Global Garrison Growth
military,global_garrison_size_modifier,This impacts the size of all garrisons that a country has.,garrison_size,Garrison Size
military,global_levy_recruitment_speed_modifier,This impacts how quickly army_levies and navy_levies assemble in a country.,,
military,global_levy_size_modifier,This impacts the size of both an army_levy or navy_levy that pops in a country will be.,,
military,global_manpower_modifier,This impacts how much manpower a country will get monthly.,global_manpower_modifier,Global Manpower Modifier
military,global_naval_supplies_output_modifier,This modifies the output of Naval Supplies in the entire country.,,
military,global_sailors_modifier,This impacts how many sailors a country will get monthly.,global_sailors_modifier,Global Sailors Modifier
military,hanseatic_shipwright_guild_max_level,This impacts the maximum level that a Hanseatic Shipwright Guild can reach.,,
military,hire_mercenary_leader_cost_modifier,This impacts how much it costs to hire a mercenary leader.,,
military,land_morale,This modifies the maximum morale that a regiment can have by a fixed amount.,land_morale,Land Morale
military,land_morale_attrition_cost,This impacts how much morale that an army loses every day while taking attrition.,land_attrition,Land Attrition
military,land_morale_modifier,This modifies the maximum morale that a regiment can have by a percentage.,land_morale,Land Morale
military,land_morale_movement_cost,This impacts how much morale that an army loses every hour while moving.,land_morale,Land Morale
military,land_morale_recovery,This impacts how quickly the morale of a regiment recovers when it is less than its maximum.,reinforce_speed,Reinforce Speed
military,land_unit_attrition,This impacts how much attrition that a regiment will take.,land_attrition,Land Attrition
military,levy_combat_efficiency_modifier,This impacts how effective will a regiment of levies perform in combat.,,
military,levy_maintenance_modifier,This impacts the amount of army_maintenance or navy_maintenance a levy will pay.,naval_maintenance_modifier,Naval Maintenance Modifier
military,levy_recovery_modifier,This impacts how quickly levies recovers in a country.,,
military,military_tactics,This impacts the military_tactics of a regiment.,military_tactics,Military Tactics
military,monthly_army_tradition,This impacts how much army_tradition we will get each month.,army_tradition,Army Tradition
military,monthly_navy_tradition,This impacts how much navy_tradition we will get each month.,navy_tradition,Navy Tradition
military,morale_recovery_in_friendly,This impacts how quickly the morale of a regiment recovers in friendly locations.,recover_army_morale_speed,Recover Army Morale Speed
military,movement_speed_when_attached_to_another_unit,This impacts how long it takes a unit to move through a location when it is attached to another unit.,movement_speed_in_fleet_modifier,Movement Speed In Fleet Modifier
military,naval_damage_done,This impacts how much damage a ship does in combat.,,
military,naval_damage_taken,This impacts the damage_taken of a ship in combat.,,
military,naval_morale,This modifies the maximum morale that a ship can have by a fixed amount.,naval_morale,Naval Morale
military,naval_morale_modifier,This modifies the maximum morale that a ship can have by a percentage.,naval_morale,Naval Morale
military,naval_morale_recovery,This impacts how quickly the morale of a ship recovers when it is less than its maximum.,recover_navy_morale_speed,Recover Navy Morale Speed
military,naval_range,This impacts the naval_range of a country.,,
military,naval_unit_attrition,This impacts how much attrition that a ship will take.,naval_attrition,Naval Attrition
military,navy_galley_maintenance_cost_modifier,This impacts how much it costs to maintain a Navy Galley.,naval_maintenance_modifier,Naval Maintenance Modifier
military,navy_galley_power,This impacts the combat ability of Navy Galley ships.,galley_power,Galley Combat Ability
military,navy_heavy_ship_power,This impacts the combat ability of Navy Heavy Ship ships.,heavy_ship_power,Heavy Ship Power
military,navy_initiative,This impacts the initiative of a ship in battle.,,
military,navy_light_ship_power,This impacts the combat ability of Navy Light Ship ships.,light_ship_power,Light Ship Power
military,navy_maintenance_efficiency,This changes how much gold and sailors is required to maintain a ship.,,
military,navy_movement_speed,This impacts how fast an navy can move between seazones.,,
military,navy_repair_efficiency,"This impacts how efficiently we can repair a ship, reducing its gold and sailors cost.",global_ship_repair,Global Ship Repair
military,navy_tradition_decay,This modifies the percentage of the current navy_tradition of a ship that decays each month.,navy_tradition_decay,Navy Tradition Decay
military,nobles_estate_levy_size,This impacts the size of army_levies and navy_levies from the Nobles Estate.,,
military,own_coast_naval_combat_bonus,This gives a bonus or penalty to navies fighting in seazones adjacent to their owned locations.,own_coast_naval_combat_bonus,Naval Combat Bonus off owned coast
military,peasants_estate_levy_size,This impacts the size of army_levies and navy_levies from the Peasants Estate.,,
military,possible_frontage_modifier,This impacts the frontage that a unit can use in a battle.,,
military,regiment_recruit_speed,This impacts how quickly a regiment can be recruited in a country.,global_regiment_recruit_speed,Global Regiment Recruit Speed
military,regiment_reinforcement_speed,This impacts how quickly a regiment can reinforce.,,
military,ship_capture_chance,This impacts how likely ships are to capture other ships in a battle.,capture_ship_chance,Capture Ship Chance
military,ship_repair_at_sea,This impacts how quickly a ship can repair when adjacent to land.,global_ship_repair,Global Ship Repair
military,ship_repair_at_sea_to_max_strength,This impacts to which level a ship can repair when not in a port.,global_ship_repair,Global Ship Repair
military,siege_ability,This impacts how quickly that armies can siege.,siege_ability,Siege Ability
military,slave_raid_efficiency,This impacts how many pops an army can make into Slaves.,,
military,trade_land_efficiency,This impacts the reach of the trade_range of a country when traveling over a location.,global_ship_trade_power,Global Ship Trade Power
military,wrong_culture_levy_size,This impacts how big army_levies and navy_levies can be from pops of non_accepted_cultures.,manpower_in_accepted_culture_provinces,Manpower In Accepted Culture Provinces
trade,,,caravan_power,Caravan Power
trade,,,global_prov_trade_power_modifier,Global Prov Trade Power Modifier
trade,,,global_tariffs,Global Tariffs
trade,,,merc_independent_from_trade_range,Merc Independent From Trade Range
trade,,,trade_steering,Trade Steering
trade,allow_privateers_slave_raid,This will allow your privateers to enslave people in unprotected coastal locations.,privateer_efficiency,Privateer Efficiency
trade,can_hire_privateers,This allows a country to hire privateers.,privateer_efficiency,Privateer Efficiency
trade,export_efficiency,Export Efficiency Desc,,
trade,foreign_export_from_market_efficiency,This impacts the efficiency of the export from markets owned by a country for other countries.,,
trade,global_alum_output_modifier,This modifies the output of Alum in the entire country.,,
trade,global_books_output_modifier,This modifies the output of Books in the entire country.,,
trade,global_cannons_output_modifier,This modifies the output of Cannons in the entire country.,,
trade,global_cloth_output_modifier,This modifies the output of Cloth in the entire country.,,
trade,global_cloves_output_modifier,This modifies the output of Cloves in the entire country.,,
trade,global_coal_output_modifier,This modifies the output of Coal in the entire country.,,
trade,global_coffee_output_modifier,This modifies the output of Coffee in the entire country.,,
trade,global_copper_output_modifier,This modifies the output of Copper in the entire country.,,
trade,global_dyes_output_modifier,This modifies the output of Dyes in the entire country.,,
trade,global_fiber_crops_output_modifier,This modifies the output of Fiber Crops in the entire country.,,
trade,global_fine_cloth_output_modifier,This modifies the output of Fine Cloth in the entire country.,,
trade,global_fish_output_modifier,This modifies the output of Fish in the entire country.,,
trade,global_fruit_output_modifier,This modifies the output of Fruit in the entire country.,,
trade,global_fur_output_modifier,This modifies the output of Fur in the entire country.,,
trade,global_gems_output_modifier,This modifies the output of Gems in the entire country.,,
trade,global_glass_output_modifier,This modifies the output of Glass in the entire country.,,
trade,global_goods_gold_output_modifier,This modifies the output of Goods Gold in the entire country.,,
trade,global_horses_output_modifier,This modifies the output of Horses in the entire country.,,
trade,global_incense_output_modifier,This modifies the output of Incense in the entire country.,,
trade,global_iron_output_modifier,This modifies the output of Iron in the entire country.,,
trade,global_jewelry_output_modifier,This modifies the output of Jewelry in the entire country.,,
trade,global_lead_output_modifier,This modifies the output of Lead in the entire country.,,
trade,global_legumes_output_modifier,This modifies the output of Legumes in the entire country.,,
trade,global_liquor_output_modifier,This modifies the output of Liquor in the entire country.,,
trade,global_livestock_output_modifier,This modifies the output of Livestock in the entire country.,,
trade,global_lumber_output_modifier,This modifies the output of Lumber in the entire country.,,
trade,global_marble_output_modifier,This modifies the output of Marble in the entire country.,,
trade,global_maritime_presence_decay,This impacts the decay of the current maritime_presence in all seazones adjacent to all locations owned by a country.,,
trade,global_maritime_presence_modifier,This impacts the maritime_presence in all seazones adjacent to all locations owned by a country.,,
trade,global_masonry_output_modifier,This modifies the output of Masonry in the entire country.,,
trade,global_medicaments_output_modifier,This modifies the output of Medicaments in the entire country.,,
trade,global_merchant_power,This impacts how much merchant_power a country gets.,merchants,Merchants
trade,global_mercury_output_modifier,This modifies the output of Mercury in the entire country.,,
trade,global_millet_output_modifier,This modifies the output of Millet in the entire country.,,
trade,global_olives_output_modifier,This modifies the output of Olives in the entire country.,,
trade,global_paper_output_modifier,This modifies the output of Paper in the entire country.,,
trade,global_pearls_output_modifier,This modifies the output of Pearls in the entire country.,,
trade,global_pepper_output_modifier,This modifies the output of Pepper in the entire country.,,
trade,global_porcelain_output_modifier,This modifies the output of Porcelain in the entire country.,,
trade,global_potato_output_modifier,This modifies the output of Potato in the entire country.,,
trade,global_raw_material_output,This impacts the output of raw_materials from all locations in a country.,,
trade,global_rice_output_modifier,This modifies the output of Rice in the entire country.,,
trade,global_salt_output_modifier,This modifies the output of Salt in the entire country.,,
trade,global_silk_output_modifier,This modifies the output of Silk in the entire country.,,
trade,global_silver_output_modifier,This modifies the output of Silver in the entire country.,,
trade,global_slaves_goods_output_modifier,This modifies the output of Slaves Goods in the entire country.,global_trade_goods_size_modifier,Global Trade Goods Size Modifier
trade,global_stone_output_modifier,This modifies the output of Stone in the entire country.,,
trade,global_sugar_output_modifier,This modifies the output of Sugar in the entire country.,,
trade,global_tea_output_modifier,This modifies the output of Tea in the entire country.,,
trade,global_tin_output_modifier,This modifies the output of Tin in the entire country.,,
trade,global_tools_output_modifier,This modifies the output of Tools in the entire country.,,
trade,global_trade_center_power,This impacts the market_attraction that our markets have on locations.,center_of_trade_upgrade_cost,Center Of Trade Upgrade Cost
trade,global_trade_protection_factor,"This directly reduces the market_attraction that foreign markets have on locations, making it more likely for them to fall under a market of their owner. One point of Market Protection negates one point of Market Attraction of every foreign market.",global_trade_power,Global Trade Power
trade,global_trade_through_owned_territory_efficiency,This impacts the reach of the trade_range of a country when traveling over a location they own.,global_own_trade_power,Domestic Trade Power
trade,global_weaponry_output_modifier,This modifies the output of Weaponry in the entire country.,,
trade,global_wheat_output_modifier,This modifies the output of Wheat in the entire country.,,
trade,global_wild_game_output_modifier,This modifies the output of Wild Game in the entire country.,,
trade,global_wine_output_modifier,This modifies the output of Wine in the entire country.,,
trade,global_wool_output_modifier,This modifies the output of Wool in the entire country.,,
trade,import_efficiency,Import Efficiency Desc,,
trade,merchant_power_from_maritime,This impacts how much merchant_power a country gets from maritime_presence in a seazone.,placed_merchant_power,Merchant Trade Power
trade,merchant_power_from_maritime_modifier,This impacts how much merchant_power a country gets from maritime_presence in a seazone.,trade_range_modifier,Trade Range Modifier
trade,privateer_durability,This impacts the privateer_durability of the privateers that a country sponsors.,privateer_efficiency,Privateer Efficiency
trade,selling_efficiency,Selling Efficiency Desc,,
trade,slave_market_max_level,This modifies how many levels the Slave Market can have.,,
trade,trade_range,This impacts the trade_range of a country.,trade_range_modifier,Trade Range Modifier
trade,trade_range_modifier,This impacts the trade_range of a country.,trade_range_modifier,Trade Range Modifier
trade,trade_sea_efficiency,This impacts the reach of the trade_range of a country when traveling over a seazone.,trade_range_modifier,Trade Range Modifier
diplomatic,,,accept_vassalization_reasons,Accept Vassalization Reasons
diplomatic,,,envoy_travel_time,Envoy Travel Time
diplomatic,,,free_dip_policy,Diplomatic Free Policies
diplomatic,,,monarch_diplomatic_power,Monarch Diplomatic Power
diplomatic,,,monarch_power_tribute,Monarch Power Tribute
diplomatic,,,monthly_favor_modifier,Monthly Favor Modifier
diplomatic,,,possible_dip_policy,Diplomatic Possible Policies
diplomatic,,,reduced_liberty_desire,Liberty Desire in Subjects
diplomatic,,,reduced_liberty_desire_on_same_continent,Liberty Desire in Same Continent Subjects
diplomatic,,,reverse_relation_with_same_religion,Reverse Relation With Same Religion
diplomatic,,,vassal_forcelimit_bonus,Vassal Forcelimit Bonus
diplomatic,allow_subjects,This allows a country to have subjects.,,
diplomatic,annexation_speed_modifier,This impacts how quickly a subject can be annexed.,diplomatic_annexation_cost,Diplomatic Annexation Cost
diplomatic,diplomatic_annexation_efficiency,This impacts how quickly a country can be annexed diplomatically.,diplomatic_annexation_cost,Diplomatic Annexation Cost
diplomatic,diplomatic_capacity,This impacts how many diplomatic_capacity_used a country can have.,,
diplomatic,diplomatic_capacity_modifier,This impacts how many diplomatic_capacity_used a country can have.,,
diplomatic,diplomatic_range_modifier,This impacts the diplomatic_range of a country.,diplomatic_reputation,Diplomatic Reputation
diplomatic,diplomatic_reputation,This impacts the diplomatic_reputation of a country.,diplomatic_reputation,Diplomatic Reputation
diplomatic,diplomatic_upkeep_efficiency,This modifies how much diplomatic_upkeep the country costs to their overlord if they were a subject.,diplomatic_upkeep,Diplomatic Relations
diplomatic,improve_relation_impact,This impacts how well a country can improve_relations.,improve_relation_modifier,Improve Relations
diplomatic,max_diplomats,This impacts how many diplomats a country can have in reserve.,diplomats,Diplomats
diplomatic,monthly_diplomats,This impacts how many diplomats a country can get in a month.,,
diplomatic,papal_relations,An additional bonus or penalty of the opinion PAP has towards a country.,papal_influence,Papal Influence
diplomatic,subject_loyalty,This impacts the subject_loyalty that the subjects of a country gets.,,
diplomatic,subject_opinions,This impacts the opinion that subjects have of a country.,,
diplomatic,tribute_payment_received_modifier,This impacts the amount we receive from tribute in the Middle Kingdom.,,
religious,,,cb_on_religious_enemies,CB On Religious Enemies
religious,,,devotion,Devotion
religious,,,global_heretic_missionary_strength,Global Heretic Missionary Strength
religious,,,global_missionary_strength,Global Missionary Strength
religious,,,may_perform_slave_raid_on_same_religion,May Perform Slave Raid On Same Religion
religious,,,monthly_fervor_increase,Monthly Fervor Increase
religious,,,monthly_piety,Monthly Piety
religious,,,monthly_piety_accelerator,Monthly Piety Accelerator
religious,,,no_religion_penalty,No Religion Penalty
religious,,,prestige_per_development_from_conversion,Prestige per Development from Missionary
religious,,,religious_unity,Religious Unity
religious,,,tolerance_of_heathens_capacity,Tolerance Of Heathens Capacity
religious,,,tolerance_of_heretics_capacity,Tolerance Of Heretics Capacity
religious,,,yearly_harmony,Yearly Harmony
religious,,,yearly_patriarch_authority,Yearly Patriarch Authority
religious,auto_slave_raid_different_religion,This would allow armies to enslave part of all pops of a different religion_group when occupying a location.,,
religious,building_missionary_effort_modifier,This impacts how quickly pops convert to our religion from buildings that can convert religion.,,
religious,damage_done_versus_heathens_modifier,This impacts the damage done against heathen hostile armies during a battle.,,
religious,global_clergy_city_desired_pop,Impacts how many Clergy can live in towns_and_cities in this country.,,
religious,global_clergy_desired_pop,Impacts how many Clergy can live in all locations in this country.,,
religious,global_clergy_estate_power,This impacts the estate_power of the Clergy Estate in the entire country.,church_loyalty_modifier,Church Loyalty Modifier
religious,global_clergy_max_literacy,This impacts the literacy for all Clergy in this country.,,
religious,global_pop_conversion_speed,This impacts how quickly pops convert in all locations of the country.,,
religious,global_pop_conversion_speed_modifier,This impacts how quickly pops convert in all locations of the country.,,
religious,maximum_religious_influence,This impacts how much religious_influence a country can save for future needs.,,
religious,monthly_devotion,This impacts how much devotion a country gets each month.,,
religious,monthly_karma_decay,"This impacts the decay towards 0 karma, where the decay is a percentage of the current karma.",yearly_karma_decay,Yearly Karma Decay
religious,monthly_purity,This impacts how much purity a country gets each month.,,
religious,monthly_religious_influence,This impacts how much religious_influence a country gets each month.,monthly_persian_influence,Monthly Persian Influence
religious,monthly_religious_rebel_growth,This impacts how quickly Religious rebels progress to a revolt or civil_war.,,
religious,monthly_righteousness,This impacts how much righteousness a country gets each month.,,
religious,number_of_allowed_religious_figures,This enables the religious_figures mechanic and sets the number we are allowed to invite.,,
religious,religious_icon_power_modifier,This impacts the power of every ShowWorkOfArtTypeName('icon') in a religion.,,
religious,tolerance_heathen,This impacts the tolerance of religions of a different religion_group than the state_religion.,tolerance_heathen,Tolerance Heathen
religious,tolerance_heretic,This impacts the tolerance of religions of the same religion_group as the state_religion.,tolerance_heretic,Tolerance Heretic
religious,tolerance_own,This impacts the tolerance of the state_religion.,tolerance_own,Tolerance Own
colonial,,,auto_explore_adjacent_to_colony,Auto Explore Adjacent To Colony
colonial,,,colonist_placement_chance,Colonist Placement Chance
colonial,,,colonists,Colonists
colonial,,,global_colonial_growth,Global Colonial Growth
colonial,,,idea_claim_colonies,Idea Claim Colonies
colonial,,,native_assimilation,Native Assimilation
colonial,,,native_uprising_chance,Native Uprising Chance
colonial,allow_open_sea_exploration,This allows a country to start explore areas that are open sea.,,
colonial,can_colonize,This determines if a country can create colonial_charters or not.,,
colonial,can_recruit_explorer,This allows a country to recruit explorers.,,
colonial,colonial_migration_size_modifier,This impacts how quick colonial_migration is,,
colonial,colonial_range,This impacts the colonial_range of a country.,,
colonial,colonial_range_modifier,This impacts the colonial_range of a country.,,
colonial,create_colonial_charter_cost_modifier,This impacts how much it costs to create a new colonial_charter.,,
colonial,exploration_mission_speed,This impacts how much exploration_progress an exploration gains each month.,,
colonial,exploration_mission_speed_modifier,This impacts how much exploration_progress an exploration gains each month.,,
colonial,exploration_preparation_time_modifier,This impacts the how long it takes for an exploration to be prepared before it can begin.,,
colonial,global_migration_speed_modifier,This impacts how quickly pops migrate in all locations of the country.,,
colonial,may_explore,This allows a country to start explorations.,may_explore,May Explore
other,,,allowed_marine_fraction,Allowed Marine Fraction
other,,,allowed_samurai_fraction,Allowed Samurai Fraction
other,,,amount_of_banners,Possible Manchu Banners
other,,,brahmins_hindu_loyalty_modifier,Brahmins Hindu Loyalty Modifier
other,,,brahmins_muslim_loyalty_modifier,Brahmins Muslim Loyalty Modifier
other,,,burghers_loyalty_modifier,Burghers Loyalty Modifier
other,,,can_claim_states,Can Claim States
other,,,can_recruit_hussars,Can Recruit Hussars
other,,,cb_on_primitives,CB On Primitives
other,,,coast_raid_range,Coast Raid Range
other,,,country_military_power,Country Military Power
other,,,dhimmi_loyalty_modifier,Dhimmi Loyalty Modifier
other,,,disengagement_chance,Disengagement Chance
other,,,eunuchs_loyalty_modifier,Eunuchs Loyalty Modifier
other,,,free_mil_policy,Military Free Policies
other,,,free_policy,Free Policies
other,,,ghulams_loyalty_modifier,Ghulams Loyalty Modifier
other,,,global_spy_defence,Global Spy Defence
other,,,great_project_upgrade_time,Great Project Upgrade Time
other,,,harmonization_speed,Harmonization Speed
other,,,has_geobukseon,Has Geobukseon
other,,,has_samurai,Has Samurai
other,,,heir_chance,Chance of New Heir
other,,,imperial_authority,Imperial Authority Growth Modifier
other,,,imperial_authority_value,Imperial Authority Modifier
other,,,imperial_mandate,Mandate Growth Modifier
other,,,innovativeness_gain,Innovativeness Gain
other,,,jains_loyalty_modifier,Jains Loyalty Modifier
other,,,janissaries_loyalty_modifier,Janissaries Loyalty Modifier
other,,,landing_penalty,Landing Penalty
other,,,loyalty_change_on_revoked,Loyalty Change On Revoked
other,,,maratha_loyalty_modifier,Maratha Loyalty Modifier
other,,,max_revolutionary_zeal,Max Revolutionary Zeal
other,,,may_establish_frontier,May Establish Frontier
other,,,may_perform_slave_raid,May Perform Slave Raid
other,,,missionaries,Missionaries
other,,,monarch_military_power,Monarch Military Power
other,,,monthly_cultural_unity,Monthly Cultural Unity
other,,,monthly_splendor,Monthly Splendor
other,,,nobles_influence_modifier,Nobles Influence Modifier
other,,,nomadic_tribes_loyalty_modifier,Nomadic Tribes Loyalty Modifier
other,,,num_of_pronoiars,Num Of Pronoiars
other,,,overextension_impact_modifier,Overextension Impact Modifier
other,,,possible_condottieri,Possible Condottieri
other,,,possible_mil_policy,Military Possible Policies
other,,,possible_policy,Possible Policies
other,,,pr_captains_influence,Pr Captains Influence
other,,,qizilbash_loyalty_modifier,Qizilbash Loyalty Modifier
other,,,rajput_loyalty_modifier,Rajput Loyalty Modifier
other,,,range,Range
other,,,rebel_support_efficiency,Rebel Support Efficiency
other,,,reduced_liberty_desire_on_other_continent,Reduced Liberty Desire On Other Continent
other,,,reduced_stab_impacts,Reduced Stab Impacts
other,,,sea_repair,Sea Repair
other,,,unjustified_demands,Unjustified Demands
other,,,vaisyas_loyalty_modifier,Vaisyas Loyalty Modifier
other,,,yearly_authority,Yearly Authority
other,,,yearly_doom_reduction,Yearly Doom Reduction
other,,,years_of_nationalism,Years Of Nationalism
other,,,years_to_integrate_personal_union,Years To Integrate Personal Union
other,antagonism_received_modifier,This impacts how much antagonism a country generates from its actions.,ae_impact,AE Impact
other,anti_piracy_warfare_modifier,This impacts the anti_piracy_warfare of navies.,,
other,aqueduct_system_max_level,This modifies how many levels the Aqueduct System can have.,,
other,auto_slave_raid,This would allow armies to enslave part of all pops when occupying a location.,,
other,can_grant_town_rights,This impacts if a country can grant town_rights or not.,,
other,can_use_council_of_three_lands_modifier,"This allows us to use the Council Of Three Lands Policy policy, which is part of the Inquisition Law law.",,
other,capital_possible_town_rights,This determines how many additional town_rights a country can have in its capital.,,
other,casus_belli_creation_speed_modifier,This impacts how quickly a country can create a new casus_belli.,,
other,chancery_cap_level,This modifies how many levels the Chancery can have.,,
other,combined_bonus_per_type,This impacts how big the combined_arms bonus is per valid unit_category.,,
other,correct_box_chance,This impacts the chance of a unit late to a battle joining their intended section.,,
other,counter_espionage,This impacts the counterespionage of a country.,,
other,country_child_education,This impacts the ability increase of all children in a country during their education.,,
other,global_burghers_city_desired_pop,Impacts how many Burghers can live in towns_and_cities in this country.,,
other,global_burghers_max_literacy,This impacts the literacy for all Burghers in this country.,,
other,global_disease_resistance,This impacts the disease_resistance in all locations in a country.,,
other,global_distance_from_capital_speed_propagation,This impacts how quickly proximity moves between all locations in a country.,,
other,global_laborers_max_literacy,This impacts the literacy for all Laborers in this country.,,
other,global_life_expectancy,The age that characters in this country will start being susceptible to death by old age.,,
other,global_monthly_art_start_chance,This impacts the chance that artists in a country starts new works_of_art.,,
other,global_monthly_literacy,This impacts how literacy changes for pops in a country.,,
other,global_nobles_max_literacy,This impacts the literacy for all Nobles in this country.,,
other,global_peasants_max_literacy,This impacts the literacy for all Peasants in this country.,,
other,global_pirate_spawn_chance,This impacts how likely it is for pirates to appear from any location in a country.,,
other,global_pop_promotion_speed_modifier,This impacts how quickly pops promote in all locations of the country.,,
other,global_separatism,This impacts separatism in all locations in a country.,,
other,global_soldiers_max_literacy,This impacts the literacy for all Soldiers in this country.,,
other,global_supply_limit_modifier,This impacts the supply_limit of all locations this country owns.,global_supply_limit_modifier,Global Supply Limit Modifier
other,has_codified_laws,Allowing a country to use laws.,,
other,legislative_efficiency,Legislative Efficiency Desc,,
other,mercury_patio_max_level,This modifies how many levels the Mercury Patio can have.,,
other,monthly_doom,This impacts how much doom a country gets each month.,,
other,monthly_honor,This impacts how much honor a country gets each month.,,
other,monthly_horde_unity,This impacts how much horde_unity a country gets each month.,horde_unity,Horde Unity
other,monthly_rebel_growth,This impacts how quickly rebels progress to a revolt or civil_war.,,
other,monthly_towards_jurisprudence,This impacts the change towards the Jurisprudence societal_values.,,
other,monthly_towards_mysticism,This impacts the change towards the Mysticism societal_values.,,
other,monthly_tribal_cohesion,This impacts how much tribal_cohesion a country gets each month.,,
other,monthly_war_exhaustion,This impacts how much war_exhaustion we will get each month.,war_exhaustion,War Exhaustion
other,national_malaria_resistance_modifier,Resistance to malaria throughout the country.,,
other,num_of_varangian_units,This impacts how many A Varangians units we can have at the same time.,,
other,num_possible_artists,This impacts how many artists a country can support.,,
other,omen_strength_modifier,This impacts the power of all invoked omens.,,
other,pop_join_rebel_threshold,"This impact the level of pop_satisfaction a pop has to be below to join rebels. It can never be lower than GetDefine('NPop','REBEL_JOIN_MIN_THRESHOLD').",,
other,pop_leave_rebels_threshold,This impact the level of pop_satisfaction a pop has to be above to leave rebels.,,
other,power_projection,This impacts how much power_projection a country has.,power_projection_from_insults,Power Projection from Insults
other,skill_of_new_artists,This impacts the artistic_skill of new artists.,,
other,unemployed_slave_promotion,This is the percentage of unemployed Slaves that promotes to Peasants every month.,,
