region,tags,age,advance,eu5_modifiers,eu4_modifiers
india_bengal,BNG,1,abm_bng_ideas_tradition_1,army_heavy_infantry_power=0.10,infantry_power=0.1
india_bengal,BNG,1,abm_bng_ideas_tradition_2,global_manpower_modifier=0.10,global_manpower_modifier=0.15
india_bengal,BNG,2,abm_bng_combat_piracy,trade_income=0.10,trade_efficiency=0.1
india_bengal,BNG,2,abm_bng_habshi_generals,monthly_army_tradition=0.05,army_tradition=0.5
india_bengal,BNG,3,abm_bng_clearing_the_delta,town_upgrade_cost_modifier=-0.10|city_upgrade_cost_modifier=-0.10|megalopolis_upgrade_cost_modifier=-0.10,development_cost=-0.1
india_bengal,BNG,3,abm_bng_attract_sufis,clergy_estate_target_satisfaction=medium_permanent_target_satisfaction,idea_cost=-0.1
india_bengal,BNG,4,abm_bng_conquest_of_the_gangetic_plain,army_initiative=0.10,leader_land_shock=1
india_bengal,BNG,4,abm_bng_rupees,global_estate_max_tax=0.10,global_tax_modifier=0.1
india_bengal,BNG,5,abm_bng_bengali_industrialization,global_max_rgo_size_modifier_in_non_rural=0.20,global_trade_goods_size_modifier=0.1
india_bengal,BNG,6,abm_bng_ideas_ambition,army_artillery_power=0.15,backrow_artillery_damage=0.15
india_bengal,STN|BHP|SGN|TRF|GAU,1,abm_bengali_ideas_tradition_1,global_merchant_capacity_modifier=0.10,merchants=1
india_bengal,STN|BHP|SGN|TRF|GAU,1,abm_bengali_ideas_tradition_2,army_light_infantry_power=0.10,infantry_power=0.1
india_bengal,STN|BHP|SGN|TRF|GAU,2,abm_hindu_sufi_syncretism,clergy_estate_target_satisfaction=medium_permanent_target_satisfaction,religious_unity=0.5
india_bengal,STN|BHP|SGN|TRF|GAU,2,abm_ganges_brahmaputra_confluence,trade_sea_efficiency=medium_trade_sea_efficiency_bonus|trade_land_efficiency=medium_trade_land_efficiency_bonus,trade_efficiency=0.1
india_bengal,STN|BHP|SGN|TRF|GAU,3,abm_rice_fields,global_rice_output_modifier=0.20,global_manpower_modifier=0.2
india_bengal,STN|BHP|SGN|TRF|GAU,3,abm_mustard_oil_ilish_mach,monthly_war_exhaustion=-0.05,war_exhaustion_cost=-0.10
india_bengal,STN|BHP|SGN|TRF|GAU,4,abm_jute_production,tax_income_efficiency=medium_tax_income_efficiency_bonus,
india_bengal,STN|BHP|SGN|TRF|GAU,4,abm_opium_fields,tax_income_efficiency=medium_tax_income_efficiency_bonus,global_tax_modifier=0.1
india_bengal,STN|BHP|SGN|TRF|GAU,5,abm_bengali_renaissance,absorb_institutions_cost_modifier=-0.10,global_institution_spread=0.1
india_bengal,STN|BHP|SGN|TRF|GAU,6,abm_bengali_ideas_ambition,monthly_prestige=0.1,prestige=1
india_bengal,KMA|AHO|LUR|JNT|DIM,1,abm_ass_ideas_tradition_1,global_levy_size_modifier=0.25,global_manpower_modifier=0.10
india_bengal,KMA|AHO|LUR|JNT|DIM,1,abm_ass_ideas_tradition_2,pop_join_rebel_threshold=-0.05,global_unrest=-1
india_bengal,KMA|AHO|LUR|JNT|DIM,2,abm_buranjis,diplomatic_reputation=diplomatic_reputation_mild_bonus,heir_chance=0.5
india_bengal,KMA|AHO|LUR|JNT|DIM,2,abm_wet_rice_cultivation,global_urban_build_buildings_efficiency=0.10,development_cost=-0.1
india_bengal,KMA|AHO|LUR|JNT|DIM,3,abm_river_warfare,military_tactics=0.15,hostile_attrition=1|shock_damage_received=-0.1
india_bengal,KMA|AHO|LUR|JNT|DIM,3,abm_reform_paik_system,movement_speed_if_no_road=0.20,manpower_recovery_speed=0.15
india_bengal,KMA|AHO|LUR|JNT|DIM,4,abm_process_of_appeal,stability_cost_efficiency=0.1,stability_cost_modifier=-0.1
india_bengal,KMA|AHO|LUR|JNT|DIM,4,abm_ahom_land_survey,tax_income_efficiency=large_tax_income_efficiency_bonus,global_tax_modifier=0.10
india_bengal,KMA|AHO|LUR|JNT|DIM,5,abm_ahom_diplomacy,monthly_diplomats=0.1,diplomats=1
india_bengal,KMA|AHO|LUR|JNT|DIM,6,abm_ass_ideas_ambition,diplomatic_reputation=diplomatic_reputation_mild_bonus,diplomatic_reputation=1
india_bengal,CUT,1,abm_sdy_ideas_tradition_1,trade_land_efficiency=medium_trade_land_efficiency_bonus,caravan_power=0.2
india_bengal,CUT,1,abm_sdy_ideas_tradition_2,global_hostile_attrition=1,hostile_attrition=1.0
india_bengal,CUT,2,abm_sdy_land_of_glory,land_morale_modifier=0.10,land_morale=0.1
india_bengal,CUT,2,abm_sdy_crossroad_of_religions,tolerance_heathen=2,tolerance_heathen=2
india_bengal,CUT,3,abm_sdy_hills_and_jungles,global_defensive=0.15,defensiveness=0.15
india_bengal,CUT,3,abm_sdy_temples,monthly_prestige=0.1,prestige=1
india_bengal,CUT,4,abm_sdy_dihang,export_efficiency=medium_trade_efficiency_bonus,trade_efficiency=0.1
india_bengal,CUT,4,abm_sdy_army_reform,army_heavy_infantry_power=0.1,infantry_power=0.1
india_bengal,CUT,5,abm_sdy_black_tea,global_tea_output_modifier=0.2,production_efficiency=0.1
india_bengal,CUT,6,abm_sdy_ideas_ambition,diplomatic_reputation=diplomatic_reputation_mild_bonus,diplomatic_reputation=1
india_bengal,MLB|ZOO,1,abm_mlb_ideas_tradition_1,amount_looted_modifier=0.25,loot_amount=0.25
india_bengal,MLB|ZOO,1,abm_mlb_ideas_tradition_2,army_maintenance_efficiency=0.10,shock_damage_received=-0.1
india_bengal,MLB|ZOO,2,abm_mlb_sanamahism,pop_join_rebel_threshold=-0.10,global_unrest=-1
india_bengal,MLB|ZOO,2,abm_mlb_martial_traditions,land_morale_modifier=0.10,land_morale=0.1
india_bengal,MLB|ZOO,3,abm_mlb_kingdom_of_the_meitei,monthly_devotion=0.10|monthly_legitimacy=0.10|monthly_republican_tradition=0.10,legitimacy=1|devotion=1|republican_tradition=0.3|meritocracy=1|horde_unity=1
india_bengal,MLB|ZOO,3,abm_mlb_mayek,tolerance_own=2,tolerance_own=2
india_bengal,MLB|ZOO,4,abm_mlb_unite_the_hill_tribes,global_manpower_modifier=0.1,global_manpower_modifier=0.1
india_bengal,MLB|ZOO,4,abm_mlb_bengali_influence,diplomatic_spending_cost=-0.010,diplomatic_upkeep=1
india_bengal,MLB|ZOO,5,abm_mlb_far_reaching_diplomacy,diplomatic_reputation=diplomatic_reputation_mild_bonus,diplomatic_reputation=1
india_bengal,MLB|ZOO,6,abm_mlb_ideas_ambition,global_defensive=0.15,defensiveness=0.15
india_bengal,JPO|BAD|PTN|PLA|KJA|MJU,1,abm_ori_ideas_tradition_1,global_production_efficiency=medium_production_efficiency_bonus,production_efficiency=0.1
india_bengal,JPO|BAD|PTN|PLA|KJA|MJU,1,abm_ori_ideas_tradition_2,nobles_estate_levy_size=0.25,shock_damage_received=-0.1
india_bengal,JPO|BAD|PTN|PLA|KJA|MJU,2,abm_lord_of_elephants,army_heavy_cavalry_power=0.10,infantry_power=0.1
india_bengal,JPO|BAD|PTN|PLA|KJA|MJU,2,abm_servitor_of_jagganath,monthly_legitimacy=0.10|monthly_republican_tradition=0.10|monthly_devotion=0.10|monthly_horde_unity=0.10|monthly_tribal_cohesion=0.10,legitimacy=1|devotion=1|republican_tradition=0.3|meritocracy=1|horde_unity=1
india_bengal,JPO|BAD|PTN|PLA|KJA|MJU,3,abm_parikshas,tax_income_efficiency=medium_tax_income_efficiency_bonus,global_tax_modifier=0.1
india_bengal,JPO|BAD|PTN|PLA|KJA|MJU,3,abm_refined_cloth_production,global_max_rgo_size_modifier=0.10,global_trade_goods_size_modifier=0.1
india_bengal,JPO|BAD|PTN|PLA|KJA|MJU,4,abm_patronize_temple_construction,monthly_prestige=0.10,prestige=1
india_bengal,JPO|BAD|PTN|PLA|KJA|MJU,4,abm_encourage_salt_trade,trade_income=0.10,trade_efficiency=0.1
india_bengal,JPO|BAD|PTN|PLA|KJA|MJU,5,abm_heritage_of_the_sadhabas,navy_maintenance_efficiency=0.20,naval_forcelimit_modifier=0.25
india_bengal,JPO|BAD|PTN|PLA|KJA|MJU,6,abm_ori_ideas_ambition,import_efficiency=tiny_trade_efficiency_bonus,
india_bengal,PPA|JAN|MGY,1,abm_tpr_ideas_tradition_1,army_heavy_infantry_power=0.10,infantry_power=0.1
india_bengal,PPA|JAN|MGY,1,abm_tpr_ideas_tradition_2,global_hostile_attrition=1,hostile_attrition=1
india_bengal,PPA|JAN|MGY,2,tpr_rajmala,monthly_legitimacy=0.10|monthly_republican_tradition=0.10|monthly_devotion=0.10|monthly_horde_unity=0.10|monthly_tribal_cohesion=0.10,legitimacy=1|devotion=1|republican_tradition=0.3|meritocracy=1|horde_unity=1
india_bengal,PPA|JAN|MGY,2,tpr_adaptive_administration,tax_income_efficiency=0.10,global_tax_modifier=0.1
india_bengal,PPA|JAN|MGY,3,tpr_religious_syncretism,tolerance_heathen=2,tolerance_heathen=2
india_bengal,PPA|JAN|MGY,3,tpr_extended_army_control,global_levy_size_modifier=0.25,land_forcelimit_modifier=0.25
india_bengal,PPA|JAN|MGY,4,tpr_appointment_of_missips,state_maintenance_cost=-0.15,state_maintenance_modifier=-0.15
india_bengal,PPA|JAN|MGY,4,jute_production,global_production_efficiency=0.10,production_efficiency=0.1
india_bengal,PPA|JAN|MGY,5,tpr_strenghten_local_defences,global_defensive=0.20,defensiveness=0.2
india_bengal,PPA|JAN|MGY,6,abm_tpr_ideas_ambition,global_max_rgo_size_modifier=0.10,global_trade_goods_size_modifier=0.1
india_bengal,TWI|TRF,1,abm_trt_ideas_tradition_1,tax_income_efficiency=0.10,global_tax_modifier=0.10
india_bengal,TWI|TRF,1,abm_trt_ideas_tradition_2,tolerance_own=2,tolerance_own=2
india_bengal,TWI|TRF,2,trt_scholars_and_poets,hire_advisor_cost_modifier=-0.10,advisor_cost=-0.1
india_bengal,TWI|TRF,2,trt_gateway_to_india,trade_income=0.10,trade_efficiency=0.1
india_bengal,TWI|TRF,3,trt_brahmin_kings,monthly_prestige=0.10,prestige=1
india_bengal,TWI|TRF,3,trt_purbias,army_fire_damage=0.10,fire_damage=0.1
india_bengal,TWI|TRF,4,trt_river_landscape,global_hostile_attrition=1,hostile_attrition=1.0
india_bengal,TWI|TRF,4,trt_tirhuta,stability_cost_efficiency=0.10,stability_cost_modifier=-0.1
india_bengal,TWI|TRF,5,trt_indigo,global_max_rgo_size_modifier=0.10,global_trade_goods_size_modifier=0.1
india_bengal,TWI|TRF,6,abm_trt_ideas_ambition,diplomatic_reputation=diplomatic_reputation_weak_bonus,diplomatic_reputation=1
india_central,NAG,1,abm_nag_ideas_tradition_1,antagonism_received_modifier=-0.15,ae_impact=-0.15
india_central,NAG,1,abm_nag_ideas_tradition_2,land_morale=0.10,land_morale=0.15
india_central,NAG,2,abm_nag_unite_gonds_and_garjats,pop_join_rebel_threshold=-0.05,global_unrest=-2
india_central,NAG,2,abm_nag_harsh_terrain,army_movement_speed=0.1,leader_land_manuever=1
india_central,NAG,3,abm_nag_send_for_artisans,global_build_buildings_efficiency=0.10,build_cost=-0.1
india_central,NAG,3,abm_nag_invite_maratha_warriors,monthly_army_tradition=0.05,army_tradition=0.5
india_central,NAG,4,abm_nag_light_cav,army_light_cavalry_power=0.10,shock_damage=0.1
india_central,NAG,4,abm_nag_cultivating_the_forest,global_production_efficiency=medium_production_efficiency_bonus,production_efficiency=0.1
india_central,NAG,5,abm_nag_no_cb_best_cb,declaring_war_cost_modifier=-0.10|global_war_score_efficiency=0.15,stability_cost_to_declare_war=-1|unjustified_demands=-0.15
india_central,NAG,6,abm_nag_ideas_ambition,stability_cost_efficiency=0.1,overextension_impact_modifier=-0.1
india_central,MLW,1,abm_mlw_ideas_tradition_1,army_light_infantry_power=0.10,infantry_power=0.1
india_central,MLW,1,abm_mlw_ideas_tradition_2,army_light_infantry_reinforce_cost_modifier=-0.10,infantry_cost=-0.1
india_central,MLW,2,abm_mlw_rajputs_of_malwa,global_manpower_modifier=0.10,global_manpower_modifier=0.15
india_central,MLW,2,abm_mlw_nimatnama,tolerance_heathen=1|monthly_prestige=0.05,religious_unity=0.25|prestige=0.5
india_central,MLW,3,abm_mlw_surat_delhi_route,trade_land_efficiency=medium_trade_land_efficiency_bonus,trade_efficiency=0.1
india_central,MLW,3,abm_mlw_fortified_strongholds,fort_limit_modifier=0.20,defensiveness=0.2
india_central,MLW,4,abm_mlw_black_soil,global_max_rgo_size_modifier=0.10,global_trade_goods_size_modifier=0.1
india_central,MLW,4,abm_mlw_reliance_on_jain_bankers,monthly_inflation=-0.001,inflation_reduction=0.1
india_central,MLW,5,abm_mlw_malwa_opium,global_trade_through_owned_territory_efficiency=0.10,global_prov_trade_power_modifier=0.10
india_central,MLW,6,abm_mlw_ideas_ambition,cultures_capacity=1,num_accepted_cultures=1
india_central,BST|CHD|GHR|RTP|BGR|NNA|SNA|WRG,1,abm_central_indic_ideas_tradition_1,land_morale_modifier=0.10,land_morale=0.1
india_central,BST|CHD|GHR|RTP|BGR|NNA|SNA|WRG,1,abm_central_indic_ideas_tradition_2,global_manpower_modifier=0.10,global_manpower_modifier=0.15
india_central,BST|CHD|GHR|RTP|BGR|NNA|SNA|WRG|KLH|SRG|MSN|RCH,2,abm_securing_defenses_central_indic,global_defensive=0.15,defensiveness=0.15
india_central,BST|CHD|GHR|RTP|BGR|NNA|SNA|WRG,2,abm_tribal_religion_central_indic,tolerance_own=1|pop_join_rebel_threshold=-0.05,religious_unity=0.1|global_unrest=-1
india_central,BST|CHD|GHR|RTP|BGR|NNA|SNA|WRG,3,abm_tigers_and_elephants_central_indic,global_hostile_attrition=1,hostile_attrition=1.0
india_central,BST|CHD|GHR|RTP|BGR|NNA|SNA|WRG,3,abm_flexible_caste_central_indic,cultures_capacity=1,num_accepted_cultures=1
india_central,BST|CHD|GHR|RTP|BGR|NNA|SNA|WRG,4,abm_raiding_the_plains_central_indic,army_heavy_infantry_power=0.10,infantry_power=0.1
india_central,BST|CHD|GHR|RTP|BGR|NNA|SNA|WRG,4,abm_ancient_roots_central_indic,monthly_legitimacy=0.10|monthly_republican_tradition=0.10|monthly_devotion=0.10|monthly_horde_unity=0.10|monthly_tribal_cohesion=0.10,legitimacy=1|devotion=1|republican_tradition=0.3|meritocracy=1|horde_unity=1
india_central,BST|CHD|GHR|RTP|BGR|NNA|SNA|WRG,5,abm_formalize_relations_with_cheifs_central_indic,tax_income_efficiency=medium_tax_income_efficiency_bonus,global_tax_modifier=0.1
india_central,BST|CHD|GHR|RTP|BGR|NNA|SNA|WRG,6,abm_central_indic_ideas_ambition,global_trades_per_burgher=0.20,merchants=1
india_central,BGK|BND|JJK,1,abm_vindhyan_ideas_tradition_1,cultures_capacity=1,num_accepted_cultures=1
india_central,BGK|BND|JJK,1,abm_vindhyan_ideas_tradition_2,fort_limit_modifier=0.20,fort_maintenance_modifier=-0.2
india_central,BGK|BND|JJK,2,abm_bundelkhandi_rajput_connections,diplomatic_reputation=diplomatic_reputation_mild_bonus,diplomatic_reputation=1
india_central,BGK|BND|JJK,2,abm_forts_of_bundelkhand,defensiveness=defensiveness_mild_bonus,defensiveness=0.15
india_central,BGK|BND|JJK,3,abm_bundelkhandi_sacred_land,tolerance_own=1,tolerance_own=1
india_central,BGK|BND|JJK,3,abm_bundeli_kalam,monthly_prestige=0.10,prestige=1
india_central,BGK|BND|JJK,4,abm_untamed_bundelkhand,global_hostile_attrition=1,hostile_attrition=1
india_central,BGK|BND|JJK,4,abm_bundelkhandi_diamonds,export_efficiency=small_trade_efficiency_bonus|selling_efficiency=small_trade_efficiency_bonus,trade_efficiency=0.1
india_central,BGK|BND|JJK,5,abm_candella_legacy,monthly_legitimacy=0.10|monthly_republican_tradition=0.10|monthly_devotion=0.10|monthly_horde_unity=0.10|monthly_tribal_cohesion=0.10,legitimacy=1|devotion=1|republican_tradition=0.3|meritocracy=1|horde_unity=1
india_central,BGK|BND|JJK,6,abm_vindhyan_ideas_ambition,army_heavy_cavalry_power=0.10,cavalry_power=0.10
india_central,KLH|SRG|MSN|RCH,1,abm_garjati_ideas_tradition_1,tax_income_efficiency=medium_tax_income_efficiency_bonus,global_tax_modifier=0.1
india_central,KLH|SRG|MSN|RCH,1,abm_garjati_ideas_tradition_2,fort_maintenance_efficiency=0.15,fort_maintenance_modifier=-0.15
india_central,KLH|SRG|MSN|RCH,2,abm_garjati_ancient_mandalas,monthly_legitimacy=0.10|monthly_republican_tradition=0.10|monthly_devotion=0.10|monthly_horde_unity=0.10|monthly_tribal_cohesion=0.10,legitimacy=1|devotion=1|republican_tradition=0.3|meritocracy=1|horde_unity=1
india_central,KLH|SRG|MSN|RCH,3,abm_garjati_tribal_feudatories,global_manpower_modifier=0.10,global_manpower_modifier=0.15
india_central,KLH|SRG|MSN|RCH,3,abm_garjati_extend_tanks_and_reservoirs,global_monthly_prosperity=0.001,development_cost=-0.1
india_central,KLH|SRG|MSN|RCH,4,abm_garjati_jungle_warfare,light_infantry_power=0.10,infantry_power=0.1
india_central,KLH|SRG|MSN|RCH,4,abm_garjati_jagannath_cult,tolerance_own=2,tolerance_own=2
india_central,KLH|SRG|MSN|RCH,5,abm_garjati_patronize_economic_growth,global_max_rgo_size_modifier_in_rural=0.20,global_trade_goods_size_modifier=0.1
india_central,KLH|SRG|MSN|RCH,6,abm_garjati_ideas_ambition,stability_cost_efficiency=0.20,stability_cost_modifier=-0.1
india_deccan,MHR,1,abm_dravidian_ideas_tradition_1,tolerance_own=2,religious_unity=0.33
india_deccan,MHR,1,abm_dravidian_ideas_tradition_2,global_production_efficiency=large_production_efficiency_bonus,production_efficiency=0.1
india_deccan,MHR,2,abm_water_tanks_and_canals,global_estate_max_tax=0.05,global_tax_modifier=0.10
india_deccan,MHR,3,abm_polygar_system,global_manpower_modifier=0.10,global_manpower_modifier=0.10
india_deccan,MHR,3,abm_south_indian_mercenaries,mercenary_maintenance_efficiency=0.15,merc_maintenance_modifier=-0.15
india_deccan,MHR,4,abm_patronage_of_temples,monthly_legitimacy=0.10|monthly_republican_tradition=0.10|monthly_devotion=0.10|monthly_horde_unity=0.10|monthly_tribal_cohesion=0.10,legitimacy=1|devotion=1|republican_tradition=0.3|meritocracy=1|horde_unity=1
india_deccan,MHR,4,abm_south_indian_literature,monthly_prestige=0.10,prestige=1
india_deccan,MHR,5,abm_merchant_capitalists,global_merchant_power=0.20,merchants=1
india_deccan,MHR,6,abm_dravidian_ideas_ambition,trade_efficiency=0.10,trade_efficiency=0.10
india_deccan,DBD,1,abm_cey_ideas_tradition_1,global_defensive=0.10,defensiveness=0.1
india_deccan,DBD,1,abm_cey_ideas_tradition_2,trade_sea_efficiency=medium_trade_sea_efficiency_bonus,trade_efficiency=0.1
india_deccan,DBD,2,abm_gabadagam,tax_income_efficiency=medium_tax_income_efficiency_bonus,global_tax_modifier=0.10
india_deccan,DBD,2,abm_sinhalese_sandesas,monthly_prestige=0.10,prestige=1
india_deccan,DBD,3,abm_pearl_of_the_indian_ocean,global_merchant_power=0.20,merchants=1
india_deccan,DBD,3,abm_cey_centre_of_learning,monthly_diplomats=0.10,diplomatic_reputation=1
india_deccan,DBD,4,abm_cey_cinnamon,global_pepper_output_modifier=0.20,global_trade_goods_size_modifier=0.1
india_deccan,DBD,4,abm_cey_growth_of_new_castes,global_production_efficiency=large_production_efficiency_bonus,production_efficiency=0.1
india_deccan,DBD,5,abm_sinhalese_guerilla_warfare,global_hostile_attrition=1,hostile_attrition=1.0
india_deccan,DBD,6,abm_cey_ideas_ambition,global_trade_center_power=0.10,global_own_trade_power=0.1
india_deccan,YDR|KPL|RDY,1,abm_telugu_ideas_tradition_1,global_defensive=0.20,defensiveness=0.2
india_deccan,YDR|KPL|RDY,1,abm_telugu_ideas_tradition_2,mercenary_maintenance_cost=-0.15,merc_maintenance_modifier=-0.15
india_deccan,YDR|KPL|RDY,2,abm_yor_patronize_telugu_literature,monthly_prestige=0.10,prestige=1
india_deccan,YDR|KPL|RDY,2,abm_yor_telugu_warrior_aristocrats,monthly_army_tradition=0.05,army_tradition=0.5
india_deccan,YDR|KPL|RDY,3,abm_yor_kakatiya_legacy,tax_income_efficiency=0.10,global_tax_modifier=0.1
india_deccan,YDR|KPL|RDY,3,abm_yor_great_forts_of_the_east,fort_maintenance_cost=-0.15,fort_maintenance_modifier=-0.15
india_deccan,YDR|KPL|RDY,4,abm_yor_legend_of_prataparudra,monthly_legitimacy=0.10|monthly_republican_tradition=0.10|monthly_devotion=0.10|monthly_horde_unity=0.10|monthly_tribal_cohesion=0.10,legitimacy=1|devotion=1|republican_tradition=0.3|meritocracy=1|horde_unity=1
india_deccan,YDR|KPL|RDY,4,abm_yor_diamond_mines_of_kollur,global_production_efficiency=0.10,production_efficiency=0.1
india_deccan,YDR|KPL|RDY,5,abm_yor_encourage_coromandel_trade,global_trade_center_power=0.10,global_own_trade_power=0.1
india_deccan,YDR|KPL|RDY,6,abm_telugu_ideas_ambition,global_manpower_modifier=0.10,global_manpower_modifier=0.1
india_deccan,MAB|TNK|SMV|JFN,1,abm_malabari_ideas_tradition_1,global_max_rgo_size_modifier=0.10,global_trade_goods_size_modifier=0.1
india_deccan,MAB|TNK|SMV|JFN,1,abm_malabari_ideas_tradition_2,mercenary_maintenance_efficiency=0.15,merc_maintenance_modifier=-0.15
india_deccan,MAB|TNK|SMV|JFN|MHR,2,abm_merchants_of_southern_india,trade_range_modifier=0.20,
india_deccan,MAB|TNK|SMV|JFN,2,abm_malabari_cultural_melting_pot,court_spending_efficiency=0.10,advisor_cost=-0.1
india_deccan,MAB|TNK|SMV|JFN,3,abm_malabari_kerala_school,research_speed_modifier=0.05,technology_cost=-0.05
india_deccan,MAB|TNK|SMV|JFN,3,abm_malabari_trade_factors,global_merchant_power=0.20,merchants=1
india_deccan,MAB|TNK|SMV|JFN,4,abm_malabari_control_inland,global_trade_through_owned_territory_efficiency=0.15,global_prov_trade_power_modifier=0.15
india_deccan,MAB|TNK|SMV|JFN,4,abm_malabari_mapilla_sailors,monthly_navy_tradition=0.1,navy_tradition=1
india_deccan,MAB|TNK|SMV|JFN,5,abm_malabari_land_of_elephants,pop_join_rebel_threshold=-0.05,global_unrest=-1
india_deccan,MAB|TNK|SMV|JFN,6,abm_malabari_ideas_ambition,global_trade_center_power=0.10,global_trade_power=0.1
india_deccan,MYS|AHM,1,abm_mys_ideas_tradition_1,land_morale_modifier=0.10,land_morale=0.1
india_deccan,MYS|AHM,1,abm_mys_ideas_tradition_2,train_general_cost_modifier=-0.10|train_admiral_cost_modifier=-0.10,leader_cost=-0.10
india_deccan,MYS|AHM,2,abm_mys_unification_of_mysore,global_integration_speed_modifier=0.10,core_creation=-0.1
india_deccan,MYS|AHM,2,abm_mys_patronize_kannada_literature,monthly_legitimacy=0.10|monthly_republican_tradition=0.10|monthly_devotion=0.10|monthly_horde_unity=0.10|monthly_tribal_cohesion=0.10,legitimacy=1|devotion=1|republican_tradition=0.3|meritocracy=1|horde_unity=1
india_deccan,MYS|AHM,3,abm_mys_religious_tolerance,tolerance_heathen=2,tolerance_heathen=2
india_deccan,MYS|AHM,3,abm_mys_reform_silk_industry,global_max_rgo_size_modifier_in_non_rural=0.20,global_trade_goods_size_modifier=0.1
india_deccan,MYS|AHM,4,abm_mys_rockets,army_light_infantry_power=0.10|army_light_cavalry_power=0.10,fire_damage=0.1
india_deccan,MYS|AHM,4,abm_mys_reform_mysorean_army,government_reform_slots=1,free_mil_policy=1
india_deccan,MYS|AHM,5,abm_mys_dynamic_diplomacy,diplomatic_reputation=diplomatic_reputation_weak_bonus,diplomatic_reputation=1
india_deccan,MYS|AHM,6,abm_mys_ideas_ambition,discipline=0.05,discipline=0.05
india_deccan,BAH,1,abm_bah_ideas_tradition_1,army_heavy_cavalry_power=0.10,cavalry_power=0.1
india_deccan,BAH,1,abm_bah_ideas_tradition_2,monthly_army_tradition=0.05,army_tradition=0.5
india_deccan,BAH,2,abm_gharbians,global_manpower_modifier=0.10,manpower_recovery_speed=0.1
india_deccan,BAH,2,abm_legacy_of_gisu_daraz,tolerance_own=1|monthly_prestige=0.05,religious_unity=0.25|prestige=0.5
india_deccan,BAH,3,abm_dakani_language,culture_capacity=1,num_accepted_cultures=1
india_deccan,BAH,3,abm_karimis,trade_efficiency=0.10,trade_efficiency=0.1
india_deccan,BAH,4,abm_takht_e_firoza,diplomatic_reputation=diplomatic_reputation_weak_bonus,diplomatic_reputation=1
india_deccan,BAH,4,abm_bahmani_primogeniture,monthly_legitimacy=0.10|monthly_republican_tradition=0.10|monthly_devotion=0.10|monthly_horde_unity=0.10|monthly_tribal_cohesion=0.10,legitimacy=1|devotion=1|republican_tradition=0.3|meritocracy=1|horde_unity=1
india_deccan,BAH,5,abm_madrasa_of_mahmud_gawan,government_size=1,idea_cost=-0.1
india_deccan,BAH,6,abm_bah_ideas_ambition,stability_cost_efficiency=0.10,stability_cost_modifier=-0.1
india_deccan,DEC,1,abm_deccani_muslim_ideas_tradition_1,army_light_cavalry_power=0.10,cavalry_power=0.1
india_deccan,DEC,1,abm_deccani_muslim_ideas_tradition_2,cultures_capacity_modifier=0.20,num_accepted_cultures=1
india_deccan,DEC,2,abm_dec_legacy_of_bahmanis,monthly_legitimacy=0.10|monthly_republican_tradition=0.10|monthly_devotion=0.10|monthly_horde_unity=0.10|monthly_tribal_cohesion=0.10,legitimacy=1|devotion=1|republican_tradition=0.3|meritocracy=1|horde_unity=1
india_deccan,DEC,2,abm_dec_deccani_identity,country_cabinet_efficiency=0.10,idea_cost=-0.10
india_deccan,DEC,3,abm_dec_brahmin_administrators,stability_cost_efficiency=0.10,stability_cost_modifier=-0.1
india_deccan,DEC,3,abm_dec_habshis,army_heavy_infantry_power=0.10,infantry_power=0.1
india_deccan,DEC,4,abm_dec_bargi_giri,army_light_cavalry_power=0.10,cavalry_flanking=0.5
india_deccan,DEC,4,abm_dec_marathi_cultivators,global_production_efficiency=large_production_efficiency_bonus,production_efficiency=0.1
india_deccan,DEC,5,abm_dec_marathi_habshi_state,government_size=1,advisor_cost=-0.1
india_deccan,DEC,6,abm_deccani_muslim_ideas_ambition,global_manpower_modifier=0.10,global_manpower_modifier=0.1
india_deccan,JWR|VND|DGL|GOA,1,abm_jaj_ideas_tradition_1,allow_privateers_slave_raid=yes,may_perform_slave_raid=yes
india_deccan,JWR|VND|DGL|GOA,1,abm_jaj_ideas_tradition_2,navy_light_ship_build_cost_modifier=-0.20,light_ship_cost=-0.20
india_deccan,JWR|VND|DGL|GOA,2,abm_goma,tolerance_heathen=3,tolerance_heathen=3
india_deccan,JWR|VND|DGL|GOA,2,abm_siddi_seamanship,monthly_navy_tradition=0.1|global_sailors_modifier=0.1,navy_tradition=1|sailor_maintenance_modifer=-0.1
india_deccan,JWR|VND|DGL|GOA,3,abm_fortress_of_janjira,global_defensive=0.15,defensiveness=0.15
india_deccan,JWR|VND|DGL|GOA,3,abm_siddi_diaspora,global_manpower_modifier=0.10,global_manpower_modifier=0.1
india_deccan,JWR|VND|DGL|GOA,4,abm_siddi_diplomacy,monthly_diplomats=0.10,diplomats=1
india_deccan,JWR|VND|DGL|GOA,4,abm_siddi_konkani_trade,trade_sea_efficiency=medium_trade_sea_efficiency_bonus,trade_efficiency=0.1
india_deccan,JWR|VND|DGL|GOA,5,abm_siddi_expansion_of_navy,navy_maintenance_efficiency=0.1,naval_maintenance_modifier=-0.10
india_deccan,JWR|VND|DGL|GOA,6,abm_jaj_ideas_ambition,naval_morale_modifier=0.15,naval_morale=0.15
india_hindustan,NPL,1,abm_npl_ideas_tradition_1,army_maintenance_efficiency=0.20,land_forcelimit_modifier=0.25
india_hindustan,NPL,1,abm_npl_ideas_tradition_2,army_reinforce_efficiency=0.10,manpower_recovery_speed=0.1
india_hindustan,NPL,2,abm_divya_upadesh,diplomatic_reputation=diplomatic_reputation_weak_bonus,diplomatic_reputation=1
india_hindustan,NPL,2,abm_land_of_peaks,global_defensive=0.15,defensiveness=0.15
india_hindustan,NPL,3,abm_valleys_united,global_manpower_modifier=0.10,global_manpower_modifier=0.15
india_hindustan,NPL,3,abm_rajput_refugees,monthly_army_tradition=0.05,army_tradition=0.5
india_hindustan,NPL,4,abm_royal_kumari,land_morale_modifier=0.10,land_morale=0.10
india_hindustan,NPL,4,abm_gurkha_recruits,army_heavy_infantry_power=0.10,infantry_power=0.1
india_hindustan,NPL,5,abm_envelopment_and_blockade,siege_ability=0.10,leader_siege=1
india_hindustan,NPL,6,abm_npl_ideas_ambition,discipline=0.05,discipline=0.05
india_hindustan,MUG,1,abm_mug_ideas_tradition_1,global_integration_speed_modifier=0.25,core_creation=-0.25
india_hindustan,MUG,1,abm_mug_ideas_tradition_2,army_heavy_cavalry_power=0.20,cavalry_power=0.20
india_hindustan,MUG,2,mansabdari_system,discipline=0.05,discipline=0.05
india_hindustan,MUG,2,control_of_the_ulema,pop_join_rebel_threshold=-0.05,global_unrest=-1
india_hindustan,MUG,3,mughal_ibadat_khana,research_speed_modifier=0.10,idea_cost=-0.1
india_hindustan,MUG,3,an_indian_padshah,government_reforms=1,free_mil_policy=1
india_hindustan,MUG,4,zabt_system,tax_income_efficiency=0.05,global_tax_modifier=0.15
india_hindustan,MUG,4,mughal_architecture,monthly_prestige=0.10,prestige=1
india_hindustan,MUG,5,fatawa_e_alamgiri,stability_cost_efficiency=0.10,stability_cost_modifier=-0.10
india_hindustan,MUG,6,abm_mug_ideas_ambition,research_speed_modifier=0.05,technology_cost=-0.05
india_hindustan,PUN,1,abm_pun_ideas_tradition_1,tolerance_own=1,religious_unity=0.25
india_hindustan,PUN,1,abm_pun_ideas_tradition_2,land_morale_modifier=0.10,land_morale=0.10
india_hindustan,PUN,2,abm_breadbasket_of_india,global_max_rgo_size_modifier=0.10,global_trade_goods_size_modifier=0.10
india_hindustan,PUN,2,abm_encourage_indo_persian_trade,selling_efficiency=small_trade_efficiency_bonus|export_efficiency=small_trade_efficiency_bonus,trade_efficiency=0.1
india_hindustan,PUN,3,abm_punjabi_textile_industry,global_production_efficiency=large_production_efficiency_bonus,production_efficiency=0.15
india_hindustan,PUN,3,abm_foundation_of_the_khalsa,global_manpower_modifier=0.10,global_manpower_modifier=0.2
india_hindustan,PUN,4,abm_gurmukhi_script,stability_cost_efficiency=0.10,stability_cost_modifier=-0.1
india_hindustan,PUN,4,abm_strength_of_the_misls,army_light_cavalry_build_cost_modifier=-0.10|army_heavy_cavalry_build_cost_modifier=-0.10,cavalry_cost=-0.10
india_hindustan,PUN,5,abm_reforming_the_punjabi_army,discipline=0.05,discipline=0.05
india_hindustan,PUN,6,abm_pun_ideas_ambition,army_heavy_cavalry_power=0.10|army_light_cavalry_power=0.10,cavalry_power=0.1
india_hindustan,ABSND,1,abm_bha_ideas_tradition_1,stability_cost_efficiency=0.1,stability_cost_modifier=-0.1
india_hindustan,ABSND,1,abm_bha_ideas_tradition_2,global_distance_from_capital_speed_propagation=0.10,state_maintenance_modifier=-0.15
india_hindustan,ABSND,2,abm_bha_modernized_war_elephants,army_heavy_cavalry_power=0.15,cavalry_power=0.15
india_hindustan,ABSND,2,abm_bha_united_india,cultures_capacity=2,num_accepted_cultures=2
india_hindustan,ABSND,3,abm_bha_sanskrit_golden_age,research_speed_modifier=0.05,technology_cost=-0.05
india_hindustan,ABSND,3,abm_bha_indian_army,discipline=0.05,discipline=0.05
india_hindustan,ABSND,4,abm_bha_ganga,tolerance_own=2,tolerance_own=2
india_hindustan,ABSND,4,abm_bha_brahmin_administration,diplomatic_annexation_efficiency=0.10|global_integration_speed_modifier=0.10,administrative_efficiency=0.05
india_hindustan,ABSND,5,abm_bha_rocketry,army_artillery_power=0.10,artillery_power=0.1
india_hindustan,ABSND,6,abm_bha_ideas_ambition,pop_join_rebel_threshold=-0.05,years_of_nationalism=-5
india_hindustan,KHS|DTI|KMN|GWL|KTU|LWA|CDD,1,abm_nepalese_minor_ideas_tradition_1,land_morale_modifier=0.10,land_morale=0.10
india_hindustan,KHS|DTI|KMN|GWL|KTU|LWA|CDD,1,abm_nepalese_minor_ideas_tradition_2,army_reinforce_efficiency=0.10,manpower_recovery_speed=0.1
india_hindustan,KHS|DTI|KMN|GWL|KTU|LWA|CDD,2,abm_nep_construct_temples,global_build_buildings_efficiency=0.10,build_cost=-0.1
india_hindustan,KHS|DTI|KMN|GWL|KTU|LWA|CDD,2,abm_nep_kashmiri_traders,global_merchant_power=0.20,merchants=1
india_hindustan,KHS|DTI|KMN|GWL|KTU|LWA|CDD,3,abm_nep_new_festivals,tolerance_own=1,tolerance_own=1
india_hindustan,KHS|DTI|KMN|GWL|KTU|LWA|CDD,3,abm_nep_kavindra,monthly_prestige=0.10,prestige=1
india_hindustan,KHS|DTI|KMN|GWL|KTU|LWA|CDD,4,abm_nep_seize_mountain_passes,global_defensive=0.15,defensiveness=0.15
india_hindustan,KHS|DTI|KMN|GWL|KTU|LWA|CDD,4,abm_nep_judicial_reforms,stability_cost_efficiency=0.10,stability_cost_modifier=-0.1
india_hindustan,KHS|DTI|KMN|GWL|KTU|LWA|CDD,5,abm_nep_end_division_of_domains,global_monthly_control=0.001,global_autonomy=-0.05
india_hindustan,KHS|DTI|KMN|GWL|KTU|LWA|CDD,6,abm_nepalese_minor_ideas_ambition,army_heavy_infantry_power=0.10,infantry_power=0.1
india_hindustan,ABCHM|KLI|SRH|LAH|ULN|DEJ,1,abm_hin_ideas_tradition_1,global_distance_from_capital_speed_propagation=0.10,governing_capacity_modifier=0.1
india_hindustan,ABCHM|KLI|SRH|LAH|ULN|DEJ,1,abm_hin_ideas_tradition_2,global_manpower_modifier=0.10,global_manpower_modifier=0.2
india_hindustan,ABCHM|KLI|SRH|LAH|ULN|DEJ,2,abm_hin_sepahi,army_light_infantry_power=0.15,infantry_power=0.15
india_hindustan,ABCHM|KLI|SRH|LAH|ULN|DEJ,2,abm_hin_persianate_court,government_size=1,advisor_cost=-0.1
india_hindustan,ABCHM|KLI|SRH|LAH|ULN|DEJ,3,abm_hin_indian_empire,pop_join_rebel_threshold=-0.05,years_of_nationalism=-5
india_hindustan,ABCHM|KLI|SRH|LAH|ULN|DEJ,3,abm_hin_peacock_throne,monthly_legitimacy=0.10|monthly_republican_tradition=0.10|monthly_devotion=0.10|monthly_horde_unity=0.10|monthly_tribal_cohesion=0.10,legitimacy=1|devotion=1|republican_tradition=0.3|meritocracy=1|horde_unity=1
india_hindustan,ABCHM|KLI|SRH|LAH|ULN|DEJ,4,abm_hin_gunpowder_empire,army_light_cavalry_power=0.10|army_light_infantry_power=0.10,fire_damage=0.1
india_hindustan,ABCHM|KLI|SRH|LAH|ULN|DEJ,4,abm_hin_sufism,global_pop_conversion_speed_modifier=0.20,global_missionary_strength=0.02
india_hindustan,ABCHM|KLI|SRH|LAH|ULN|DEJ,5,abm_hin_industrialization,global_monthly_prosperity=0.001,development_cost=-0.1
india_hindustan,ABCHM|KLI|SRH|LAH|ULN|DEJ,6,abm_hin_ideas_ambition,discipline=0.05,discipline=0.05
india_hindustan,ABCHM|KLI|SRH|LAH|ULN|DEJ,1,abm_indian_muslim_ideas_tradition_1,army_light_cavalry_build_cost_modifier=-0.10|army_heavy_cavalry_build_cost_modifier=-0.10,cavalry_cost=-0.1
india_hindustan,ABCHM|KLI|SRH|LAH|ULN|DEJ,1,abm_indian_muslim_ideas_tradition_2,army_light_cavalry_power=0.10,cavalry_power=0.1
india_hindustan,ABCHM|KLI|SRH|LAH|ULN|DEJ,2,abm_tolerate_idol_worshippers_i,tolerance_own=2,religious_unity=0.50
india_hindustan,ABCHM|KLI|SRH|LAH|ULN|DEJ,2,abm_persian_court,pop_join_rebel_threshold=-0.05,global_unrest=-1
india_hindustan,ABCHM|KLI|SRH|LAH|ULN|DEJ,3,abm_comphrehensive_land_survey,global_estate_max_tax=0.05,global_tax_modifier=0.10
india_hindustan,ABCHM|KLI|SRH|LAH|ULN|DEJ,3,abm_counting_the_people,global_manpower_modifier=0.10,global_manpower_modifier=0.10
india_hindustan,ABCHM|KLI|SRH|LAH|ULN|DEJ,4,abm_equality_under_law,global_trade_center_power=0.10,global_trade_power=0.1
india_hindustan,ABCHM|KLI|SRH|LAH|ULN|DEJ,4,abm_high_court_culture,monthly_prestige=1,prestige=1
india_hindustan,ABCHM|KLI|SRH|LAH|ULN|DEJ,5,abm_sultanate_bureaucracy,stability_cost_efficiency=0.10,stability_cost_modifier=-0.1
india_hindustan,ABCHM|KLI|SRH|LAH|ULN|DEJ,6,abm_indian_muslim_ideas_ambition,army_heavy_infantry_power=0.10,infantry_power=0.1
india_hindustan,SWT|KSH|CRL|CTR|GLI|HNZ|RJR|PNC,1,abm_ldk_ideas_tradition_1,tolerance_own=2,tolerance_own=2
india_hindustan,SWT|KSH|CRL|CTR|GLI|HNZ|RJR|PNC,1,abm_ldk_ideas_tradition_2,diplomatic_upkeep_efficiency=0.10,diplomatic_upkeep=1
india_hindustan,SWT|KSH|CRL|CTR|GLI|HNZ|RJR|PNC,2,abm_ldk_two_kingdoms,monthly_prestige=0.10,prestige=1
india_hindustan,SWT|KSH|CRL|CTR|GLI|HNZ|RJR|PNC,2,abm_ldk_fortified_mountain_cities,fort_limit_modifier=0.20,fort_maintenance_modifier=-0.2
india_hindustan,SWT|KSH|CRL|CTR|GLI|HNZ|RJR|PNC,3,abm_ldk_wool_from_the_roof_of_the_world,global_wool_output_modifier=0.20,global_trade_goods_size_modifier=0.1
india_hindustan,SWT|KSH|CRL|CTR|GLI|HNZ|RJR|PNC,3,abm_ldk_great_monasteries,global_build_buildings_efficiency=0.10,build_cost=-0.1
india_hindustan,SWT|KSH|CRL|CTR|GLI|HNZ|RJR|PNC,4,abm_ldk_la_dvags_rgyal_rabs,stability_cost_efficiency=0.10,stability_cost_modifier=-0.1
india_hindustan,SWT|KSH|CRL|CTR|GLI|HNZ|RJR|PNC,4,abm_ldk_kingdom_united,monthly_legitimacy=0.10|monthly_republican_tradition=0.10|monthly_devotion=0.10|monthly_horde_unity=0.10|monthly_tribal_cohesion=0.10,legitimacy=1|devotion=1|republican_tradition=0.3|meritocracy=1|horde_unity=1
india_hindustan,SWT|KSH|PNC|RJR,5,abm_ldk_far_away_traders,export_efficiency=0.10,trade_efficiency=0.1
india_hindustan,SWT|KSH|CRL|CTR|GLI|HNZ|RJR|PNC,6,abm_ldk_ideas_ambition,global_defensive=0.20,defensiveness=0.2
india_hindustan,JNP,1,abm_jnp_ideas_tradition_1,army_light_infantry_build_cost_modifier=-0.10|army_heavy_infantry_build_cost_modifier=-0.10,infantry_cost=-0.1
india_hindustan,JNP,1,abm_jnp_ideas_tradition_2,diplomatic_upkeep_efficiency=0.10,diplomatic_upkeep=1
india_hindustan,JNP,2,abm_jnp_purbias,army_light_infantry_power=0.10|army_light_cavalry_power=0.10,fire_damage=0.1
india_hindustan,JNP,2,abm_shiraz_e_hind,absorb_institutions_cost_modifier=-0.10,global_institution_spread=0.1
india_hindustan,JNP,3,abm_jnp_sants_and_sufis,tolerance_own=2,religious_unity=0.5
india_hindustan,JNP,3,abm_jaunpuri_architecture,global_monthly_prosperity=0.001,development_cost=-0.1
india_hindustan,JNP,4,abm_jnp_gangetic_plain,global_food_output_modifier=0.20,global_trade_goods_size_modifier=0.1
india_hindustan,JNP,4,abm_jnp_hindusthani_classical_music,monthly_prestige=0.10,prestige=1
india_hindustan,JNP,5,abm_modernization_of_jaunpuri_army,army_heavy_infantry_power=0.10,infantry_power=0.1
india_hindustan,JNP,6,abm_jnp_ideas_ambition,global_trade_center_power=0.05,global_trade_power=0.10
india_hindustan,KGR|KLU|KTL|BSP|SKT,1,abm_kgr_ideas_tradition_1,,hostile_attrition=1.0
india_hindustan,KGR|KLU|KTL|BSP|SKT,1,abm_kgr_ideas_tradition_2,,global_tax_modifier=0.1
india_hindustan,KGR|KLU|KTL|BSP|SKT,2,abm_kgr_katoch_lineage,,prestige_decay=-0.01
india_hindustan,KGR|KLU|KTL|BSP|SKT,2,abm_kgr_riches_of_the_kangra_valley,,global_manpower_modifier=0.1
india_hindustan,KGR|KLU|KTL|BSP|SKT,3,abm_kgr_martial_heritage,,land_morale=0.1
india_hindustan,KGR|KLU|KTL|BSP|SKT,3,abm_kgr_hill_forts,,fort_maintenance_modifier=-0.1|garrison_size=0.1
india_hindustan,KGR|KLU|KTL|BSP|SKT,4,abm_kgr_strengthen_the_mountain_trade,global_own_trade_power=0.15,caravan_power=0.15
india_hindustan,KGR|KLU|KTL|BSP|SKT,4,abm_kgr_pahari_paintings,monthly_prestige=0.10,prestige=1
india_hindustan,KGR|KLU|KTL|BSP|SKT,5,abm_kgr_tigers_of_the_himalayas,discipline=0.05,discipline=0.05
india_hindustan,KGR|KLU|KTL|BSP|SKT,6,abm_kgr_ideas_ambition,pop_join_rebel_threshold=-0.05,global_unrest=-1
india_western,RJP,1,abm_rjp_ideas_tradition_1,government_reform_slots=1,free_mil_policy=1
india_western,RJP,1,abm_rjp_ideas_tradition_2,land_morale_modifier=0.10,land_morale=0.1
india_western,RJP,2,abm_rjp_imperial_legacy,global_integration_speed_modifier=0.15,core_creation=-0.15
india_western,RJP,2,abm_rjp_land_of_petty_princes,global_manpower_modifier=0.10,global_manpower_modifier=0.15
india_western,RJP|ABRJS,3,abm_marwari_horses,army_light_cavalry_power=0.15|army_movement_speed=0.10,cavalry_power=0.15|movement_speed=0.1
india_western,RJP,3,abm_rjp_purbia_legacy,,fire_damage=0.1
india_western,RJP,4,abm_rjp_protectors_of_the_dharma,tolerance_own=2,tolerance_own=2
india_western,RJP,4,abm_rjp_expanded_artillery_arm,army_artillery_cost_modifier=-0.15,artillery_cost=-0.15
india_western,RJP,5,abm_rjp_monumental_architecture,monthly_legitimacy=0.10|monthly_republican_tradition=0.10|monthly_devotion=0.10|monthly_horde_unity=0.10|monthly_tribal_cohesion=0.10,legitimacy=1|devotion=1|republican_tradition=0.3|meritocracy=1|horde_unity=1
india_western,RJP,6,abm_rjp_ideas_ambition,discipline=0.05,discipline=0.05
india_western,ABRJS,1,abm_rajput_ideas_tradition_1,diplomatic_reputation=diplomatic_reputation_weak_bonus,diplomatic_reputation=1
india_western,ABRJS,1,abm_rajput_ideas_tradition_2,regiment_reinforcement_speed=0.10,manpower_recovery_speed=0.1
india_western,ABRJS,2,abm_clan_loyalties,global_manpower_modifier=0.10,global_manpower_modifier=0.15
india_western,ABRJS,2,abm_fortifying_rajputana,global_defensive=0.15,defensiveness=0.15
india_western,ABRJS,3,abm_rajput_resistance,monthly_war_exhaustion=-0.05,war_exhaustion=-0.03
india_western,ABRJS,4,abm_rajput_painting_school,monthly_prestige=0.10,prestige=1
india_western,ABRJS,4,abm_rajput_martial_ethos,army_artillery_power=0.10,leader_land_fire=1
india_western,ABRJS,5,abm_marwari_trading_houses,selling_efficiency=small_trade_efficiency_bonus|export_efficiency=small_trade_efficiency_bonus,trade_efficiency=0.10
india_western,ABRJS,6,abm_rajput_ideas_ambition,discipline=0.05,discipline=0.05
india_western,GUJ,1,abm_gujarati_ideas_tradition_1,global_merchant_power=0.20,merchants=1
india_western,GUJ,1,abm_gujarati_ideas_tradition_2,fort_limit_modifier=0.15,fort_maintenance_modifier=-0.15
india_western,GUJ,2,abm_guj_kathiawari_horses,army_light_cavalry_power=0.10,cavalry_power=0.1
india_western,GUJ,2,abm_guj_trading_outposts,global_trade_through_owned_territory_cost_modifier=0.10,global_own_trade_power=0.1
india_western,GUJ,3,abm_guj_jain_bankers,bank_interest=-0.01,interest=-1
india_western,GUJ,3,abm_guj_rajput_dynasties,diplomatic_reputation=diplomatic_reputation_weak_bonus,diplomatic_reputation=1
india_western,GUJ,4,abm_guj_protect_dwarkadhish_temple,tolerance_own=1,tolerance_own=1
india_western,GUJ,4,abm_guj_ashapura_mata,monthly_legitimacy=0.10|monthly_republican_tradition=0.10|monthly_devotion=0.10|monthly_horde_unity=0.10|monthly_tribal_cohesion=0.10,legitimacy=1|devotion=1|republican_tradition=0.3|meritocracy=1|horde_unity=1
india_western,GUJ,5,abm_guj_african_trade,trade_range_modifier=0.20,trade_range_modifier=0.2
india_western,GUJ,6,abm_gujarati_ideas_ambition,trade_income=0.10,trade_efficiency=0.1
india_western,SND,1,abm_snd_ideas_tradition_1,global_levy_size_modifier=0.25,land_forcelimit_modifier=0.25
india_western,SND,1,abm_snd_ideas_tradition_2,number_of_allowed_religious_figures=1,missionaries=1
india_western,SND,2,abm_snd_enduring_dynasty,monthly_legitimacy=0.10|monthly_republican_tradition=0.10|monthly_devotion=0.10|monthly_horde_unity=0.10|monthly_tribal_cohesion=0.10,legitimacy=1|devotion=1|republican_tradition=0.3|meritocracy=1|horde_unity=1
india_western,SND,2,abm_snd_bab_ul_islam,global_pop_conversion_speed_modifier=0.20,global_missionary_strength=0.02
india_western,SND,3,abm_snd_gujarati_connections,global_merchant_power=0.20,placed_merchant_power=5
india_western,SND,3,abm_snd_makli_necropolis,tolerance_own=1,tolerance_own=1
india_western,SND,4,abm_snd_end_judicial_corruption,stability_decay=-0.10,yearly_corruption=-0.1
india_western,SND,4,abm_snd_oversee_rise_of_thatta,global_build_buildings_cost=-0.10,build_cost=-0.1
india_western,SND,5,abm_snd_recruit_baloch_tribesmen,discipline=0.025,mercenary_discipline=0.025
india_western,SND,6,abm_snd_ideas_ambition,global_manpower_modifier=0.10,global_manpower_modifier=0.15
india_western,KUT|ABVGH|IDR|BGL|RJI|CMN,1,abm_guj_ideas_tradition_1,global_merchant_power=0.10,global_ship_trade_power=0.1
india_western,KUT|ABVGH|IDR|BGL|RJI|CMN,1,abm_guj_ideas_tradition_2,army_heavy_infantry_power=0.10,infantry_power=0.1
india_western,KUT|ABVGH|IDR|BGL|RJI|CMN,2,abm_garba,clergy_estate_target_satisfaction=medium_permanent_target_satisfaction,religious_unity=0.5
india_western,KUT|ABVGH|IDR|BGL|RJI|CMN,2,abm_jain_routes,trade_range_modifier=0.20,trade_range_modifier=0.2
india_western,KUT|ABVGH|IDR|BGL|RJI|CMN,3,abm_gujarati_lipi,stability_cost_efficiency=0.10,stability_cost_modifier=-0.1
india_western,KUT|ABVGH|IDR|BGL|RJI|CMN,3,abm_merchant_diaspora,navy_light_ship_build_cost_modifier=-0.20,light_ship_cost=-0.2
india_western,KUT|ABVGH|IDR|BGL|RJI|CMN,4,abm_spice_trade,global_merchant_power=0.20,global_prov_trade_power_modifier=0.2
india_western,KUT|ABVGH|IDR|BGL|RJI|CMN,4,abm_western_factors,trade_income=0.10,trade_efficiency=0.1
india_western,KUT|ABVGH|IDR|BGL|RJI|CMN,5,abm_guj_africa,global_merchant_power=0.20,merchants=1
india_western,KUT|ABVGH|IDR|BGL|RJI|CMN,6,abm_guj_ideas_ambition,global_merchant_power=0.20,global_trade_power=0.2
india_western,MEW,1,abm_mer_ideas_tradition_1,army_heavy_infantry_power=0.10,infantry_power=0.1
india_western,MEW,1,abm_mer_ideas_tradition_2,army_heavy_infantry_build_cost_modifier=-0.20,infantry_cost=-0.2
india_western,MEW,2,abm_mer_rajput_heartland,army_tradition_decay=-0.01,army_tradition_decay=-0.01
india_western,MEW,2,abm_mer_victory_tower,monthly_prestige=0.10,prestige=1
india_western,MEW,3,abm_mer_kumbhalgarh,global_defensive=0.15,defensiveness=0.15
india_western,MEW,3,abm_mer_city_of_lakes,global_monthly_prosperity=0.001,development_cost=-0.1
india_western,MEW,4,abm_mer_recall_purbias,global_manpower_modifier=0.10,global_manpower_modifier=0.15
india_western,MEW,4,abm_mer_firearm_drilling,army_light_infantry_power=0.10|army_light_cavalry_power=0.10,fire_damage=0.1
india_western,MEW,5,abm_mer_reorganized_rajput_regiments,discipline=0.05,discipline=0.05
india_western,MEW,6,abm_mer_ideas_ambition,monthly_war_exhaustion=-0.05,war_exhaustion=-0.03
india_western,MRW|JLR|JSL|PRT|GDA|DRW|PGL|JHI|SHR|BWL|PNA|JHL|HAD,1,abm_mar_ideas_tradition_1,regiment_reinforcement_speed=0.15,manpower_recovery_speed=0.15
india_western,MRW|JLR|JSL|PRT|GDA|DRW|PGL|JHI|SHR|BWL|PNA|JHL|HAD,1,abm_mar_ideas_tradition_2,global_manpower_modifier=0.10,global_manpower_modifier=0.10
india_western,MRW|JLR|JSL|PRT|GDA|DRW|PGL|JHI|SHR|BWL|PNA|JHL|HAD,2,abm_tradition_of_military_service,army_light_cavalry_power=0.15,cavalry_power=0.15
india_western,MRW|JLR|JSL|PRT|GDA|DRW|PGL|JHI|SHR|BWL|PNA|JHL|HAD,2,abm_forts_of_maharashtra,global_defensive=0.20,defensiveness=0.20
india_western,MRW|JLR|JSL|PRT|GDA|DRW|PGL|JHI|SHR|BWL|PNA|JHL|HAD,3,abm_peasant_soldiers,army_light_infantry_build_cost_modifier=-0.20,infantry_cost=-0.2
india_western,MRW|JLR|JSL|PRT|GDA|DRW|PGL|JHI|SHR|BWL|PNA|JHL|HAD,3,abm_office_of_the_peshwa,global_integration_speed_modifier=0.15,core_creation=-0.15
india_western,MRW|JLR|JSL|PRT|GDA|DRW|PGL|JHI|SHR|BWL|PNA|JHL|HAD,4,abm_encourage_ties_with_brahmin_financial_families,global_bureaucracy_entrenchment_speed_modifier=0.15,reform_progress_growth=0.15
india_western,MRW|JLR|JSL|PRT|GDA|DRW|PGL|JHI|SHR|BWL|PNA|JHL|HAD,4,abm_reform_the_bureaucracy,global_max_rgo_size_modifier=0.10,global_trade_goods_size_modifier=0.1
india_western,MRW|JLR|JSL|PRT|GDA|DRW|PGL|JHI|SHR|BWL|PNA|JHL|HAD,5,abm_expand_maratha_navy,navy_light_ship_build_cost_modifier=-0.10|navy_galley_build_cost_modifier=-0.10,global_ship_cost=-0.1
india_western,MRW|JLR|JSL|PRT|GDA|DRW|PGL|JHI|SHR|BWL|PNA|JHL|HAD,6,abm_mar_ideas_ambition,stability_cost_efficiency=0.10,stability_cost_modifier=-0.1
india_western,DHU,1,abm_dhu_ideas_tradition_1,land_morale_modifier=0.10,land_morale=0.1
india_western,DHU,1,abm_dhu_ideas_tradition_2,trade_land_efficiency=medium_trade_land_efficiency_bonus,caravan_power=0.2
india_western,DHU,2,abm_dhu_improve_amer_fort,global_defensive=0.20,defensiveness=0.2
india_western,DHU,2,abm_dhu_seek_protection_of_great_powers,diplomatic_reputation=diplomatic_reputation_weak_bonus,diplomatic_reputation=1
india_western,DHU,3,abm_dhu_restore_hindu_ceremonies,tolerance_own=1,tolerance_own=1
india_western,DHU,3,abm_dhu_foundation_of_jaipur,global_monthly_prosperity=0.001,development_cost=-0.1
india_western,DHU,4,abm_dhu_battles_in_foreign_lands,army_tradition_from_battle=0.5,army_tradition_from_battle=0.5
india_western,DHU,4,abm_dhu_astronomical_education,research_speed_modifier=0.05,technology_cost=-0.05
india_western,DHU,5,abm_dhu_recruit_from_the_pindari,land_unit_attrition=-0.15,land_attrition=-0.15
india_western,DHU,6,abm_dhu_ideas_ambition,army_light_infantry_power=0.10|army_light_cavalry_power=0.10,fire_damage=0.1
indochina,LNA,1,abm_lna_ideas_tradition_1,global_merchant_power=0.10,global_prov_trade_power_modifier=0.10
indochina,LNA,1,abm_lna_ideas_tradition_2,global_manpower_modifier=0.10,global_manpower_modifier=0.1
indochina,LNA,2,abm_legacy_of_mangrai,monthly_legitimacy=0.10|monthly_devotion=0.10|monthly_republican_tradition=0.10|monthly_horde_unity=0.10|monthly_tribal_cohesion=0.10,meritocracy=1|horde_unity=1|legitimacy=1|devotion=1|republican_tradition=0.3
indochina,LNA,2,abm_million_ice_paddies,global_max_rgo_size_modifier=0.10,global_trade_goods_size_modifier=0.1
indochina,LNA,3,abm_waters_of_the_naga,tax_income_efficiency=0.10,global_tax_modifier=0.1
indochina,LNA,3,abm_the_white_elephant,tolerance_own=2,tolerance_own=2
indochina,LNA,4,abm_red_and_black,cultures_capacity=1,num_accepted_cultures=1
indochina,LNA,4,abm_elephant_charge,army_light_cavalry_power=0.10,cavalry_flanking=0.5
indochina,LNA,5,abm_dynastic_spread,diplomatic_capacity=1,diplomatic_upkeep=1
indochina,LNA,6,abm_lna_ideas_ambition,global_monthly_prosperity=0.001,development_cost=-0.1
indochina,LIG,1,abm_lig_ideas_traditions_1,loyalty_to_overlord=20,reduced_liberty_desire=20
indochina,LIG,1,abm_lig_ideas_traditions_2,navy_light_ship_build_cost_modifier=-0.10|navy_galley_build_cost_modifier=-0.10,global_ship_cost=-0.1
indochina,LIG,2,abm_autonomous_subject,diplomatic_reputation=diplomatic_reputation_weak_bonus,diplomatic_reputation=1
indochina,LIG,2,abm_religious_conversion,global_pop_conversion_speed_modifier=0.20,global_missionary_strength=0.02
indochina,LIG,3,abm_vassal_cities,subject_loyalty=5,liberty_desire_from_subject_development=-0.2
indochina,LIG,3,abm_trade_primacy,global_trade_center_power=0.20,trade_steering=0.2
indochina,LIG,4,abm_bridge_to_malaya,global_hostile_attrition=1|global_defensive=0.20,hostile_attrition=1|defensiveness=0.2
indochina,LIG,4,abm_spirit_of_rebellion,spy_network_construction=0.20,rebel_support_efficiency=0.5
indochina,LIG,5,abm_trade_protection,global_merchant_power=0.20,global_ship_trade_power=0.2
indochina,LIG,6,abm_lig_ideas_ambition,diplomatic_annexation_cost=-0.15,diplomatic_annexation_cost=-0.15
indochina,ARK,1,abm_ark_ideas_traditions_1,navy_light_ship_build_cost_modifier=-0.20,light_ship_cost=-0.20
indochina,ARK,1,abm_ark_ideas_traditions_2,cultures_capacity=1,num_accepted_cultures=1
indochina,ARK,2,abm_mrauk_u_dynasty,monthly_legitimacy=0.10|monthly_republican_tradition=0.10|monthly_devotion=0.10|monthly_horde_unity=0.10|monthly_tribal_cohesion=0.10,legitimacy=1|devotion=1|republican_tradition=0.3|meritocracy=1|horde_unity=1
indochina,ARK,2,abm_rohingya_immigrants,tolerance_heathen=2,tolerance_heathen=2
indochina,ARK,3,abm_bengal_bay_trade,global_merchant_power=0.20,merchants=1
indochina,ARK,3,abm_magh_and_ferenghi,global_merchant_power=0.10|navy_maintenance_efficiency=0.05,privateer_efficiency=0.15|sailor_maintenance_modifer=-0.05
indochina,ARK,4,abm_buddhist_sultans,diplomatic_reputation=diplomatic_reputation_weak_bonus,diplomatic_reputation=1
indochina,ARK,4,abm_muslim_advisers,hire_advisor_cost_modifier=-0.10,advisor_cost=-0.1
indochina,ARK,5,abm_trade_contracts_ark,trade_income=0.10,trade_efficiency=0.1
indochina,ARK,6,abm_ark_ideas_ambition,navy_light_ship_power=0.15,light_ship_power=0.15
indochina,TNG|BPR,1,tau_traditions_1,train_general_ability=1,leader_land_manuever=1
indochina,TNG|BPR,1,tau_traditions_2,tax_income_efficiency=0.10,global_tax_modifier=0.1
indochina,TNG|BPR,2,mandala_system,global_manpower_modifier=0.10,global_manpower_modifier=0.25
indochina,TNG|BPR,2,tau_elephant_battles,army_heavy_cavalry_power=0.20,cavalry_power=0.20
indochina,TNG|BPR,3,nat_worship,clergy_estate_target_satisfaction=medium_permanent_target_satisfaction,religious_unity=0.2
indochina,TNG|BPR,3,chakravartin,monthly_army_tradition=0.05,army_tradition=0.5
indochina,TNG|BPR,4,the_hluttaw,pop_join_rebel_threshold=-0.10,global_unrest=-2
indochina,TNG|BPR,4,tau_organized_campaigns,land_unit_attrition=-0.10,land_attrition=-0.10
indochina,TNG|BPR,5,bayingyi,army_heavy_infantry_build_cost_modifier=-0.20,infantry_cost=-0.2
indochina,TNG|BPR,6,tau_ambition,global_integration_speed_modifier=0.15,core_creation=-0.15
indochina,PEG,1,abm_peg_ideas_traditions_1,global_merchant_power=0.10,global_prov_trade_power_modifier=0.10
indochina,PEG,1,abm_peg_ideas_traditions_2,global_merchant_power=0.20,merchants=1
indochina,PEG,2,abm_riches_of_pegu,trade_income=0.10,trade_efficiency=0.1
indochina,PEG,2,abm_martabans,global_max_rgo_size_modifier=0.10,global_trade_goods_size_modifier=0.1
indochina,PEG,3,abm_dhammazedi_pyatton,tolerance_own=2,tolerance_own=2
indochina,PEG,3,abm_rammanadesa,land_morale_modifier=0.10,land_morale=0.1
indochina,PEG,4,abm_dynamic_warfare,research_speed_modifier=0.10,mil_tech_cost_modifier=-0.1
indochina,PEG,4,abm_buddhist_traditions,monthly_legitimacy=0.10|monthly_republican_tradition=0.10|monthly_devotion=0.10|monthly_horde_unity=0.10|monthly_tribal_cohesion=0.10,legitimacy=1|devotion=1|republican_tradition=0.3|meritocracy=1|horde_unity=1
indochina,PEG,5,abm_mon_diaspora,diplomatic_reputation=diplomatic_reputation_weak_bonus,diplomatic_reputation=1
indochina,PEG,6,abm_peg_ideas_ambition,global_monthly_prosperity=0.001,development_cost=-0.1
indochina,MUA|VTN|KUY|BVK,1,abm_lao_ideas_traditions_1,tolerance_own=2,tolerance_own=2
indochina,MUA|VTN|KUY|BVK,1,abm_lao_ideas_traditions_2,tax_income_efficiency=0.10,global_tax_modifier=0.1
indochina,MUA|VTN|KUY|BVK,2,lao_phra_lak_phra_lam,pop_join_rebel_threshold=-0.05,global_unrest=-1
indochina,MUA|VTN|KUY|BVK,2,lao_nithan_khun_borom,monthly_prestige=0.10,prestige=1
indochina,MUA|VTN|KUY|BVK,3,lao_satsana_phi,tolerance_heathen=2,tolerance_heathen=2
indochina,MUA|VTN|KUY|BVK,4,lao_elephant_cavalry,army_heavy_infantry_power=0.10,infantry_power=0.1
indochina,MUA|VTN|KUY|BVK,4,lao_southern_silk_road,trade_income=0.10,trade_efficiency=0.1
indochina,MUA|VTN|KUY|BVK,5,lao_hill_warriors,fort_maintenance_cost=-0.10,fort_maintenance_modifier=-0.1
indochina,MUA|VTN|KUY|BVK,6,abm_lao_ideas_ambition,global_levy_size_modifier=0.20,land_forcelimit_modifier=0.2
indochina,LXA|MUA|VTN|KUY|BVK,2,abm_lao_ethnic_diversity,cultures_capacity=1,num_accepted_cultures=1
indochina,CHA|DEG,1,abm_cha_ideas_traditions_1,monthly_monthly_navy_tradition=0.1,navy_tradition=1
indochina,CHA|DEG,1,abm_cha_ideas_traditions_2,navy_light_ship_power=0.15,light_ship_power=0.15
indochina,CHA|DEG,2,abm_my_son_temples,tolerance_own=2,tolerance_own=2
indochina,CHA|DEG,2,abm_seafaring_people,navy_light_ship_build_cost_modifier=-0.20,light_ship_cost=-0.20
indochina,CHA|DEG,3,abm_indian_influences,global_merchant_power=0.10,global_trade_power=0.1
indochina,CHA|DEG,3,abm_cham_migrations,colonial_migration_size=15,global_colonial_growth=15
indochina,CHA|DEG,4,abm_che_man_legacy,improve_relation_impact=0.20,improve_relation_modifier=0.2
indochina,CHA|DEG,4,abm_agarwood,trade_income=0.10,trade_efficiency=0.1
indochina,CHA|DEG,5,abm_resisting_foreign_rule,global_defensive=0.10,defensiveness=0.1
indochina,CHA|DEG,6,abm_cha_ideas_ambition,expected_navy_size_modifier=0.25,naval_forcelimit_modifier=0.25
indochina,LXA,1,abm_lxa_ideas_traditions_1,tolerance_own=2,tolerance_own=2
indochina,LXA,1,abm_lxa_ideas_traditions_2,army_light_cavalry_power=0.10,cavalry_to_infantry_ratio=0.1
indochina,LXA,2,abm_elephant_cavalry,army_heavy_cavalry_power=0.15,cavalry_power=0.15
indochina,LXA,3,abm_court_history_of_lang_xang,aggressiveness_modifier=-0.10|improve_relation_impact=0.15,ae_impact=-0.1|improve_relation_modifier=0.15
indochina,LXA,3,abm_white_elephant,pop_join_rebel_threshold=-0.05,global_unrest=-1
indochina,LXA,4,abm_flowering_of_culture,stability_cost_efficiency=0.10,stability_cost_modifier=-0.1
indochina,LXA,4,abm_merchants_of_vientiane,global_defensive=0.10,defensiveness=0.1
indochina,LXA,5,abm_renaissance_of_lan_xang,global_institution_growth_modifier=0.10,global_institution_spread=0.1
indochina,LXA,6,abm_lxa_ideas_ambition,global_levy_size_modifier=0.20,land_forcelimit_modifier=0.2
indochina,KTG|MNI|KRN|HSI|HSE|MGT|CHH,1,abm_shan_ideas_traditions_1,monthly_legitimacy=0.10,heir_chance=0.5
indochina,KTG|MNI|KRN|HSI|HSE|MGT|CHH,1,abm_shan_ideas_traditions_2,cultures_capacity=1,num_accepted_cultures=1
indochina,KTG|MNI|KRN|HSI|HSE|MGT|CHH,2,abm_fortified_cities,global_defensive=0.15,defensiveness=0.15
indochina,KTG|MNI|KRN|HSI|HSE|MGT|CHH,2,abm_wet_rice,global_production_efficiency=0.10,production_efficiency=0.10
indochina,KTG|MNI|KRN|HSI|HSE|MGT|CHH,3,abm_sao_pha,pop_join_rebel_threshold=-0.05,global_unrest=-1
indochina,KTG|MNI|KRN|HSI|HSE|MGT|CHH,3,abm_control_of_the_gem_trade,global_trade_center_power=0.10,global_own_trade_power=0.1
indochina,KTG|MNI|KRN|HSI|HSE|MGT|CHH,4,abm_raiders,army_initiative=0.10|amount_looted_modifier=0.10,leader_land_shock=1|loot_amount=0.10
indochina,KTG|MNI|KRN|HSI|HSE|MGT|CHH,4,abm_chronicles,monthly_legitimacy=0.10|monthly_republican_tradition=0.10|monthly_devotion=0.10|monthly_horde_unity=0.10|monthly_tribal_cohesion=0.10,legitimacy=1|devotion=1|republican_tradition=0.3|meritocracy=1|horde_unity=1
indochina,KTG|MNI|KRN|HSI|HSE|MGT|CHH,5,abm_expansionism,global_manpower_modifier=0.10,global_manpower_modifier=0.25
indochina,KTG|MNI|KRN|HSI|HSE|MGT|CHH,6,abm_shan_ideas_ambition,train_general_ability=2,leader_land_manuever=2
indochina,PIN,1,abm_ava_ideas_traditions_1,land_morale_modifier=0.10,land_morale=0.1
indochina,PIN,1,abm_ava_ideas_traditions_2,army_heavy_infantry_build_cost_modifier=-0.15,infantry_cost=-0.15
indochina,PIN,2,abm_legacy_of_the_pagan_dynasty,monthly_prestige=0.10,prestige=1
indochina,PIN,2,abm_rajadhiraja,global_levy_size_modifier=0.20,land_forcelimit_modifier=0.2
indochina,PIN,3,abm_manu_kye_dhammathat,stability_cost_efficiency=0.10,stability_cost_modifier=-0.10
indochina,PIN,3,abm_bamar_literature,hire_advisor_cost_modifier=-0.10,same_culture_advisor_cost=-0.2
indochina,PIN,4,abm_hill_tribes,global_manpower_modifier=0.10,global_manpower_modifier=0.2
indochina,PIN,4,abm_shan_in_line,diplomatic_reputation=diplomatic_reputation_weak_bonus,diplomatic_reputation=1
indochina,PIN,5,abm_provincial_governors,global_monthly_control=0.001,global_autonomy=-0.05
indochina,PIN,6,abm_ava_ideas_ambition,army_heavy_cavalry_power=0.15,cavalry_power=0.15
indochina,ABSUK,1,abm_suk_ideas_traditions_1,diplomatic_reputation=diplomatic_reputation_weak_bonus,diplomatic_reputation=1
indochina,ABSUK,1,abm_suk_ideas_traditions_2,tolerance_own=2,tolerance_own=2
indochina,ABSUK,2,abm_birthplace_of_a_culture,monthly_prestige=0.10,prestige=1
indochina,ABSUK,2,abm_akson_thai,research_speed_modifier=0.05,technology_cost=-0.05
indochina,ABSUK,3,abm_sawankalok_ware,trade_income=0.10,trade_efficiency=0.1
indochina,ABSUK,3,abm_wat_si_sawai,global_pop_conversion_speed_modifier=0.10,global_missionary_strength=0.01
indochina,ABSUK,4,abm_father_governs_children,pop_join_rebel_threshold=-0.05,global_unrest=-1
indochina,ABSUK,4,abm_ramkhamhaeng_stele,monthly_legitimacy=0.10|monthly_republican_tradition=0.10|monthly_devotion=0.10|monthly_horde_unity=0.10|monthly_tribal_cohesion=0.10,legitimacy=1|devotion=1|republican_tradition=0.3|meritocracy=1|horde_unity=1
indochina,ABSUK,5,abm_war_elephants,army_heavy_cavalry_power=0.10,cavalry_power=0.1
indochina,ABSUK,6,abm_suk_ideas_ambition,global_levy_size_modifier=0.25,land_forcelimit_modifier=0.25
indochina,MLC,1,abm_mlc_ideas_traditions_1,global_merchant_power=0.10,global_trade_power=0.1
indochina,MLC,1,abm_mlc_ideas_traditions_2,expected_navy_size_modifier=0.33,naval_forcelimit_modifier=0.33
indochina,MLC,2,abm_vassal_princes,loyalty_to_overlord=10|subject_pays_vassal_cost_modifier=0.25,reduced_liberty_desire=10|vassal_income=0.25
indochina,MLC,2,abm_maritime_laws,global_merchant_power=0.20,global_ship_trade_power=0.2
indochina,MLC,3,abm_new_hegemony,diplomatic_reputation=diplomatic_reputation_weak_bonus,diplomatic_reputation=1
indochina,MLC,3,abm_islamic_sultanate,tolerance_own=1,tolerance_own=1
indochina,MLC,4,abm_habor_masters,global_trade_center_power=0.20|cultures_capacity=1,trade_steering=0.2|num_accepted_cultures=1
indochina,MLC,5,abm_jawi_script,research_speed_modifier=0.10,idea_cost=-0.1
indochina,MLC,6,abm_mlc_ideas_ambition,global_merchant_power=0.20,merchants=1
indochina,KED,1,abm_malayan_idea_traditions_1,global_trade_center_power=0.10,trade_steering=0.1
indochina,KED,1,abm_malayan_idea_traditions_2,navy_light_ship_build_cost_modifier=-0.10|navy_galley_build_cost_modifier=-0.10,global_ship_cost=-0.1
indochina,KED,2,abm_malayan_indian_ocean_trade,global_merchant_power=0.20,merchants=1
indochina,KED,2,abm_malayan_sufi_legacy,tolerance_heathen=2,tolerance_heathen=2
indochina,KED,3,abm_malayan_mal_spice_islands,global_production_efficiency=0.10,production_efficiency=0.1
indochina,KED,3,abm_malayan_classical_malay,research_speed_modifier=0.05,idea_cost=-0.05
indochina,KED,4,abm_malayan_trading_fleets,navy_maintenance_efficiency=0.20|global_sailors_modifier=0.10,naval_maintenance_modifier=-0.2|sailor_maintenance_modifer=-0.1
indochina,KED,4,abm_malayan_heirs_of_pasai,monthly_prestige=0.10,prestige=1
indochina,KED,4,abm_malayan_settle_the_islands,colonial_migration_size=20,global_colonial_growth=20
indochina,KED,6,abm_malayan_idea_ambition,navy_tradition_from_battle=0.5,naval_tradition_from_battle=0.5
indonesia,JMB|INR|PNI|ARU|BUS,1,abm_sumatran_ideas_tradition_1,global_production_efficiency=0.10,production_efficiency=0.10
indonesia,JMB|INR|PNI|ARU|BUS,1,abm_sumatran_ideas_tradition_2,trade_range_modifier=0.15,trade_range_modifier=0.15
indonesia,JMB|INR|PNI|ARU|BUS,2,abm_reliance_on_trade,trade_income=0.10,trade_efficiency=0.10
indonesia,JMB|INR|PNI|ARU|BUS,2,abm_sumatran_ideas_porch_of_mecca,global_pop_conversion_speed_modifier=0.20,global_missionary_strength=0.02
indonesia,JMB|INR|PNI|ARU|BUS,3,abm_spice_pirates,navy_light_ship_power=0.10|global_merchant_power=0.10,light_ship_power=0.10|privateer_efficiency=0.15
indonesia,JMB|INR|PNI|ARU|BUS,3,abm_center_of_scholarship,hire_advisor_cost_modifier=-0.15,advisor_cost=-0.15
indonesia,JMB|INR|PNI|ARU|BUS,4,abm_merchants_of_the_indian_ocean,global_merchant_power=0.20,merchants=1
indonesia,JMB|INR|PNI|ARU|BUS,4,abm_legacy_of_srivijaya,monthly_prestige=0.10,prestige=1
indonesia,JMB|INR|PNI|ARU|BUS,5,abm_rule_of_the_sea,expected_navy_size_modifier=0.25,naval_forcelimit_modifier=0.25
indonesia,JMB|INR|PNI|ARU|BUS,6,abm_sumatran_ideas_ambition,global_defensive=0.20,defensiveness=0.20
indonesia,PSA|ACH,1,abm_atj_ideas_tradition_1,navy_light_ship_build_cost_modifier=-0.10|navy_galley_build_cost_modifier=-0.10,global_ship_cost=-0.1
indonesia,PSA|ACH,1,abm_atj_ideas_tradition_2,global_pop_conversion_speed_modifier=0.20,global_missionary_strength=0.02
indonesia,PSA|ACH,2,abm_export_economy,global_merchant_power=0.10,global_trade_power=0.1
indonesia,PSA|ACH,2,abm_islamise_sumatra,global_pop_conversion_speed_modifier=0.10,missionary_maintenance_cost=-0.25
indonesia,PSA|ACH,3,abm_rise_of_aceh,global_war_score_efficiency=0.10,province_warscore_cost=-0.1
indonesia,PSA|ACH,3,abm_military_adventures,naval_morale_modifier=0.15,naval_morale=0.15
indonesia,PSA|ACH,4,abm_atj_ideas_porch_of_mecca,research_speed_modifier=0.10,technology_cost=-0.10
indonesia,PSA|ACH,4,abm_acehnese_moneylending,bank_interest=-0.01,interest=-1
indonesia,PSA|ACH|BEI,5,abm_settle_the_islands,colonial_migration_size=20,global_colonial_growth=20
indonesia,PSA|ACH,6,abm_atj_ideas_ambition,global_production_efficiency=0.10,production_efficiency=0.1
indonesia,SGT,1,abm_pgr_ideas_tradition_1,global_defensive=0.10,defensiveness=0.1
indonesia,SGT,1,abm_pgr_ideas_tradition_2,tolerance_heathen=2,tolerance_heathen=2
indonesia,SGT,2,abm_pgr_tantric_legacy,global_pop_conversion_speed_modifier=0.20,global_missionary_strength=0.02
indonesia,SGT,2,abm_pgr_gold_trade,global_merchant_power=0.10,global_trade_power=0.1
indonesia,SGT,3,abm_pgr_istano_basa,monthly_legitimacy=0.10|monthly_republican_tradition=0.10|monthly_devotion=0.10|monthly_horde_unity=0.10|monthly_tribal_cohesion=0.10,legitimacy=1|devotion=1|republican_tradition=0.3|meritocracy=1|horde_unity=1
indonesia,SGT,3,abm_pgr_rajo_tigo_selo,pop_join_rebel_threshold=-0.05,global_unrest=-1
indonesia,SGT,4,abm_pgr_high_education,global_institution_growth_modifier=0.10,global_institution_spread=0.1
indonesia,SGT,4,abm_pgr_rumah_gadang,monthly_prestige=0.10,prestige=1
indonesia,SGT,5,abm_pgr_matrilinear_culture,stability_cost_efficiency=0.10,stability_cost_modifier=-0.1
indonesia,SGT,6,abm_pgr_ideas_ambition,trade_income=0.10,trade_efficiency=0.1
indonesia,PLB,1,abm_plb_ideas_tradition_1,global_merchant_power=0.15,global_trade_power=0.15
indonesia,PLB,1,abm_plb_ideas_tradition_2,navy_light_ship_build_cost_modifier=-0.10|navy_galley_build_cost_modifier=-0.10,global_ship_cost=-0.1
indonesia,PLB,2,abm_plb_ancient_scriptures,monthly_prestige=0.10,prestige=1
indonesia,PLB,2,abm_plb_pirate_ancestry,spy_network_construction=0.10,rebel_support_efficiency=0.25
indonesia,PLB,3,abm_plb_controlling_the_strait,global_trade_center_power=0.10|global_merchant_power=0.20,embargo_efficiency=0.05|privateer_efficiency=0.4
indonesia,PLB,3,abm_plb_center_of_the_dynasty,improve_relation_impact=0.10|casus_belli_creation_speed_modifier=0.25,improve_relation_modifier=0.1|fabricate_claims_cost=-0.25
indonesia,PLB,4,abm_plb_trading_hub,global_merchant_power=0.20,global_ship_trade_power=0.2
indonesia,PLB,4,abm_plb_through_the_monsoon,naval_morale_recovery=0.25,recover_navy_morale_speed=0.25
indonesia,PLB,5,abm_plb_learned_scholars,research_speed_modifier=0.10,technology_cost=-0.1
indonesia,PLB,6,abm_plb_ideas_ambition,naval_morale_modifier=0.10,ship_durability=0.1
indonesia,SUN|MTM|DEM|PJN,1,abm_sun_ideas_tradition_1,tolerance_heretic=1,tolerance_heretic=1
indonesia,SUN|MTM|DEM|PJN,1,abm_sun_ideas_tradition_2,regiment_reinforcement_speed=0.20,manpower_recovery_speed=0.2
indonesia,SUN|MTM|DEM|PJN,2,abm_candi_shrines,tolerance_own=1,tolerance_own=1
indonesia,SUN|MTM|DEM|PJN,2,abm_sunda_galuh,pop_join_rebel_threshold=-0.05,global_unrest=-1
indonesia,SUN|MTM|DEM|PJN,3,abm_defensive_moats,global_defensive=0.20,defensiveness=0.2
indonesia,SUN|MTM|DEM|PJN,3,abm_wooden_architecture,global_build_buildings_cost=-0.10,build_cost=-0.1
indonesia,SUN|MTM|DEM|PJN,4,abm_pan_asian_trade,global_merchant_power=0.20|global_trade_center_power=0.10,merchants=1|trade_steering=0.10
indonesia,SUN|MTM|DEM|PJN,4,abm_seren_taun,tax_income_efficiency=0.10,global_tax_modifier=0.1
indonesia,SUN|MTM|DEM|PJN,5,abm_bi_yearly_harvest,global_max_rgo_size_modifier=0.10,global_trade_goods_size_modifier=0.10
indonesia,SUN|MTM|DEM|PJN,6,abm_sun_ideas_ambition,land_morale_modifier=0.20,land_morale=0.20
indonesia,BLI|SLP|TLW|NGL|DOM|BIM|LRT|WHL,1,abm_bli_ideas_tradition_1,global_max_rgo_size_modifier=0.10,global_trade_goods_size_modifier=0.1
indonesia,BLI|SLP|TLW|NGL|DOM|BIM|LRT|WHL,1,abm_bli_ideas_tradition_2,navy_light_ship_build_cost_modifier=-0.20,light_ship_cost=-0.20
indonesia,BLI|SLP|TLW|NGL|DOM|BIM|LRT|WHL,2,abm_bli_island_settlers,colonial_migration_size=20,global_colonial_growth=20
indonesia,BLI|SLP|TLW|NGL|DOM|BIM|LRT|WHL,2,abm_javanese_culture,research_speed_modifier=0.05,technology_cost=-0.05
indonesia,BLI|SLP|TLW|NGL|DOM|BIM|LRT|WHL,3,abm_aristocratic_refugees,monthly_prestige=0.10,prestige=1
indonesia,BLI|SLP|TLW|NGL|DOM|BIM|LRT|WHL,3,abm_staunch_hindus,tolerance_own=2,tolerance_own=2
indonesia,BLI|SLP|TLW|NGL|DOM|BIM|LRT|WHL,4,abm_conquerer_dalems,land_morale_modifier=0.15,land_morale=0.15
indonesia,BLI|SLP|TLW|NGL|DOM|BIM|LRT|WHL,4,abm_hindu_reformation,global_pop_conversion_speed_modifier=0.20,global_missionary_strength=0.02
indonesia,BLI|SLP|TLW|NGL|DOM|BIM|LRT|WHL,5,abm_rivals_to_slaves,regiment_reinforcement_speed=0.10,manpower_recovery_speed=0.10
indonesia,BLI|SLP|TLW|NGL|DOM|BIM|LRT|WHL,6,abm_bli_ideas_ambition,aggressiveness_modifier=-0.15,ae_impact=-0.15
indonesia,BEI,1,abm_bei_ideas_tradition_1,land_morale_modifier=0.10,land_morale=0.1
indonesia,BEI,1,abm_bei_ideas_tradition_2,navy_light_ship_build_cost_modifier=-0.10|navy_galley_build_cost_modifier=-0.10,global_ship_cost=-0.1
indonesia,BEI,2,abm_bei_galleys,navy_galley_power=0.20,galley_power=0.2
indonesia,BEI,2,abm_bei_sea_nomads,global_sailors_modifier=0.20,global_sailors_modifier=0.2
indonesia,BEI,3,abm_bei_diplomacy,diplomatic_reputation=diplomatic_reputation_weak_bonus,diplomatic_reputation=1
indonesia,BEI,3,abm_bei_vassals,loyalty_to_overlord=10,reduced_liberty_desire=10
indonesia,BEI,4,abm_bei_naval_prowess,naval_morale_modifier=0.15,naval_morale=0.15
indonesia,BEI,5,abm_bei_trade,trade_income=0.10,trade_efficiency=0.1
indonesia,BEI,6,abm_bei_ideas_ambition,naval_morale_modifier=0.10,ship_durability=0.1
indonesia,MNU|SBG|TJP|SMB|KRP|NSR|MRP|KKG|TDG,1,abm_kut_ideas_tradition_1,global_merchant_power=0.10,global_prov_trade_power_modifier=0.1
indonesia,MNU|SBG|TJP|SMB|KRP|NSR|MRP|KKG|TDG,1,abm_kut_ideas_tradition_2,global_trade_center_power=0.20,trade_steering=0.2
indonesia,MNU|SBG|TJP|SMB|KRP|NSR|MRP|KKG|TDG,2,abm_kut_earliest_indic_state,trade_income=0.10,trade_efficiency=0.1
indonesia,MNU|SBG|TJP|SMB|KRP|NSR|MRP|KKG|TDG,2,abm_kut_muslim_trading_communities,tolerance_heathen=2,tolerance_heathen=2
indonesia,MNU|SBG|TJP|SMB|KRP|NSR|MRP|KKG|TDG,3,abm_kut_riches_of_borneo,global_max_rgo_size_modifier=0.10,global_trade_goods_size_modifier=0.1
indonesia,MNU|SBG|TJP|SMB|KRP|NSR|MRP|KKG|TDG,3,abm_kut_anti_piracy_measures,global_defensive=0.10,defensiveness=0.1
indonesia,MNU|SBG|TJP|SMB|KRP|NSR|MRP|KKG|TDG,4,abm_kut_encourage_immigration,global_manpower_modifier=0.10,global_manpower_modifier=0.15
indonesia,MNU|SBG|TJP|SMB|KRP|NSR|MRP|KKG|TDG,4,abm_kut_consolidation_of_kutai,tax_income_efficiency=0.10,global_tax_modifier=0.1
indonesia,MNU|SBG|TJP|SMB|KRP|NSR|MRP|KKG|TDG,5,abm_kut_subdue_the_inlands,pop_join_rebel_threshold=-0.05,global_unrest=-1
indonesia,MNU|SBG|TJP|SMB|KRP|NSR|MRP|KKG|TDG,6,abm_kut_ideas_ambition,global_trade_center_power=0.20,global_own_trade_power=0.2
indonesia,LUW|BOW|BLN|GRT|PJT|PKR,1,abm_sulawesi_ideas_tradition_1,expected_navy_size_modifier=0.25,naval_forcelimit_modifier=0.25
indonesia,LUW|BOW|BLN|GRT|PJT|PKR,1,abm_sulawesi_ideas_tradition_2,navy_maintenance_efficiency=0.10,sailor_maintenance_modifer=-0.1
indonesia,LUW|BOW|BLN|GRT|PJT|PKR,2,abm_sulawesi_intra_asian_trade,global_trade_center_power=0.10,trade_steering=0.1
indonesia,LUW|BOW|BLN|GRT|PJT|PKR,2,abm_sulawesi_bajau,navy_tradition_decay=-0.01,navy_tradition_decay=-0.01
indonesia,LUW|BOW|BLN|GRT|PJT|PKR,3,abm_sulawesi_prau,navy_light_ship_build_cost_modifier=-0.20,light_ship_cost=-0.2
indonesia,LUW|BOW|BLN|GRT|PJT|PKR,3,abm_sulawesi_unification,tax_income_efficiency=0.10,global_tax_modifier=0.1
indonesia,LUW|BOW|BLN|GRT|PJT|PKR,4,abm_sulawesi_learning_from_outsiders,global_institution_growth_modifier=0.10,global_institution_spread=0.1
indonesia,LUW|BOW|BLN|GRT|PJT|PKR,4,abm_sulawesi_entrepot,global_merchant_power=0.10,global_trade_power=0.1
indonesia,LUW|BOW|BLN|GRT|PJT|PKR,5,abm_sulawesi_assymetrical_warfare,global_hostile_attrition=1,hostile_attrition=1
indonesia,LUW|BOW|BLN|GRT|PJT|PKR,6,abm_sulawesi_ideas_ambition,trade_income=0.10,trade_efficiency=0.1
indonesia,JLO|MOO|LOL|BAC|TER|TID,1,abm_moluccan_ideas_tradition_1,global_max_rgo_size_modifier=0.10,global_trade_goods_size_modifier=0.1
indonesia,JLO|MOO|LOL|BAC|TER|TID,1,abm_moluccan_ideas_tradition_2,global_production_efficiency=0.10,production_efficiency=0.1
indonesia,JLO|MOO|LOL|BAC|TER|TID,2,abm_moluccan_spice_islands,trade_income=0.10,trade_efficiency=0.1
indonesia,JLO|MOO|LOL|BAC|TER|TID,2,abm_moluccan_cultural_heritage,monthly_legitimacy=0.10|monthly_republican_tradition=0.10|monthly_devotion=0.10|monthly_horde_unity=0.10|monthly_tribal_cohesion=0.10,legitimacy=1|devotion=1|republican_tradition=0.3|meritocracy=1|horde_unity=1
indonesia,JLO|MOO|LOL|BAC|TER|TID,3,abm_moluccan_agents_of_trade,global_merchant_power=0.20,merchants=1
indonesia,JLO|MOO|LOL|BAC|TER|TID,3,abm_moluccan_four_kingdoms,pop_join_rebel_threshold=-0.10,global_unrest=-2
indonesia,JLO|MOO|LOL|BAC|TER|TID,4,abm_moluccan_dominance_over_the_outer_islands,colonial_migration_size=20,global_colonial_growth=20
indonesia,JLO|MOO|LOL|BAC|TER|TID,4,abm_moluccan_ally_papuan_raiders,navy_light_ship_power=0.15,light_ship_power=0.15
indonesia,JLO|MOO|LOL|BAC|TER|TID,5,abm_moluccan_pragmatic_diplomacy,max_diplomats=1,diplomats=1
indonesia,JLO|MOO|LOL|BAC|TER|TID,6,abm_moluccan_ideas_ambition,navy_maintenance_efficiency=0.10,sailor_maintenance_modifer=-0.1
indonesia,ILC|PGS|TDO|MYI|IBL,1,abm_luzon_ideas_tradition_1,global_max_rgo_size_modifier=0.10,global_trade_goods_size_modifier=0.1
indonesia,ILC|PGS|TDO|MYI|IBL,1,abm_luzon_ideas_tradition_2,monthly_monthly_navy_tradition=0.1,navy_tradition=1
indonesia,ILC|PGS|TDO|MYI|IBL,2,abm_luzon_barangay,navy_maintenance_efficiency=0.20|global_sailors_modifier=0.10,naval_maintenance_modifier=-0.2|sailor_maintenance_modifer=-0.1
indonesia,ILC|PGS|TDO|MYI|IBL,2,abm_luzon_conquest_of_paradise,global_hostile_attrition=1,hostile_attrition=1
indonesia,ILC|PGS|TDO|MYI|IBL,3,abm_luzon_sino_philippine_trade,global_merchant_power=0.10,global_ship_trade_power=0.1
indonesia,ILC|PGS|TDO|MYI|IBL,3,abm_luzon_tagalog_syncretism,tolerance_heathen=2,tolerance_heathen=2
indonesia,ILC|PGS|TDO|MYI|IBL,4,abm_luzon_sailors,navy_tradition_decay=-0.01,navy_tradition_decay=-0.01
indonesia,ILC|PGS|TDO|MYI|IBL,4,abm_luzon_a_safe_haven,hire_advisor_cost_modifier=-0.10,advisor_cost=-0.1
indonesia,ILC|PGS|TDO|MYI|IBL,5,abm_luzon_expand_the_sugar_production,global_production_efficiency=0.10,production_efficiency=0.1
indonesia,ILC|PGS|TDO|MYI|IBL,6,abm_luzon_ideas_ambition,naval_morale_modifier=0.20,naval_morale=0.2
indonesia,MAS,1,abm_mas_ideas_tradition_1,navy_movement_speed=0.10,leader_naval_manuever=1
indonesia,MAS,1,abm_mas_ideas_tradition_2,navy_maintenance_efficiency=0.10,sailor_maintenance_modifer=-0.1
indonesia,MAS,2,abm_mas_hinalliwood,research_speed_modifier=0.10,idea_cost=-0.1
indonesia,MAS,2,abm_mas_legacy_of_panai,naval_morale_modifier=0.15,naval_morale=0.15
indonesia,MAS,3,abm_mas_riches_of_the_visayas,global_monthly_prosperity=0.001,development_cost=-0.1
indonesia,MAS,3,abm_mas_masters_of_maritime_warfare,train_admiral_ability=2,leader_naval_shock=1
indonesia,MAS,4,abm_mas_articles_of_the_confederation,monthly_prestige=0.10,prestige=1
indonesia,MAS,4,abm_mas_kinaduatan,stability_cost_efficiency=0.10,stability_cost_modifier=-0.1
indonesia,MAS,5,abm_mas_expand_the_shipbuilding_sector,naval_damage_taken=-0.05,ship_durability=0.05
indonesia,MAS,6,abm_mas_ideas_ambition,heavy_ship_power=0.10,leader_naval_fire=1
indonesia,CEB|BOL,1,abm_ceb_ideas_tradition_1,naval_morale_modifier=0.15,naval_morale=0.15
indonesia,CEB|BOL,1,abm_ceb_ideas_tradition_2,navy_light_ship_build_cost_modifier=-0.20,light_ship_cost=-0.2
indonesia,CEB|BOL,2,abm_ceb_rajah_humabon,monthly_prestige=0.10,prestige=1
indonesia,CEB|BOL,2,abm_ceb_lapu_lapu,land_morale_modifier=0.10,land_morale=0.1
indonesia,CEB|BOL,3,abm_ceb_visayan_warriors,army_heavy_infantry_power=0.10,infantry_power=0.1
indonesia,CEB|BOL,3,abm_ceb_trade_networks,trade_income=0.10,trade_efficiency=0.1
indonesia,CEB|BOL,4,abm_ceb_island_hopping,colonial_migration_size=15,global_colonial_growth=15
indonesia,CEB|BOL,4,abm_ceb_cebuano_culture,stability_cost_efficiency=0.10,stability_cost_modifier=-0.1
indonesia,CEB|BOL,5,abm_ceb_expand_the_fleet,expected_navy_size_modifier=0.25,naval_forcelimit_modifier=0.25
indonesia,CEB|BOL,6,abm_ceb_ideas_ambition,discipline=0.05,discipline=0.05
indonesia,SML|LNO|MGD|KIM,1,abm_mindanao_ideas_tradition_1,navy_light_ship_build_cost_modifier=-0.10|navy_galley_build_cost_modifier=-0.10,global_ship_cost=-0.1
indonesia,SML|LNO|MGD|KIM,1,abm_mindanao_ideas_tradition_2,tolerance_heathen=2,tolerance_heathen=2
indonesia,SML|LNO|MGD|KIM,2,abm_mindanao_sultanate,monthly_legitimacy=0.10|monthly_republican_tradition=0.10|monthly_devotion=0.10|monthly_horde_unity=0.10|monthly_tribal_cohesion=0.10,legitimacy=1|devotion=1|republican_tradition=0.3|meritocracy=1|horde_unity=1
indonesia,SML|LNO|MGD|KIM,2,abm_mindanao_maranao_lake,global_max_rgo_size_modifier=0.10,global_trade_goods_size_modifier=0.1
indonesia,SML|LNO|MGD|KIM,3,abm_mindanao_warriors,army_heavy_infantry_power=0.10,infantry_power=0.1
indonesia,SML|LNO|MGD|KIM,3,abm_mindanao_piracy,navy_light_ship_power=0.15,light_ship_power=0.15
indonesia,SML|LNO|MGD|KIM,4,abm_mindanao_trade_routes,trade_income=0.10,trade_efficiency=0.1
indonesia,SML|LNO|MGD|KIM,4,abm_mindanao_resistance,global_hostile_attrition=1,hostile_attrition=1
indonesia,SML|LNO|MGD|KIM,5,abm_mindanao_consolidation,pop_join_rebel_threshold=-0.05,global_unrest=-1
indonesia,SML|LNO|MGD|KIM,6,abm_mindanao_ideas_ambition,land_morale_modifier=0.15,land_morale=0.15
indonesia,BTU,1,abm_btu_ideas_tradition_1,global_merchant_power=0.10,global_trade_power=0.1
indonesia,BTU,1,abm_btu_ideas_tradition_2,monthly_monthly_navy_tradition=0.1,navy_tradition=1
indonesia,BTU,2,abm_btu_butuan_trade_connections,global_merchant_power=0.20,merchants=1
indonesia,BTU,2,abm_btu_gold_of_butuan,global_production_efficiency=0.10,production_efficiency=0.1
indonesia,BTU,3,abm_btu_laguna_copperplate,research_speed_modifier=0.05,technology_cost=-0.05
indonesia,BTU,3,abm_btu_rajahnate,monthly_legitimacy=0.10|monthly_republican_tradition=0.10|monthly_devotion=0.10|monthly_horde_unity=0.10|monthly_tribal_cohesion=0.10,legitimacy=1|devotion=1|republican_tradition=0.3|meritocracy=1|horde_unity=1
indonesia,BTU,4,abm_btu_visayan_allies,global_manpower_modifier=0.10,global_manpower_modifier=0.15
indonesia,BTU,4,abm_btu_mindanao_sea_trade,global_trade_center_power=0.10,trade_steering=0.1
indonesia,BTU,5,abm_btu_fortify_the_coast,global_defensive=0.15,defensiveness=0.15
indonesia,BTU,6,abm_btu_ideas_ambition,naval_morale_modifier=0.15,naval_morale=0.15
indonesia,SUL|KML,1,abm_sulu_ideas_tradition_1,navy_light_ship_build_cost_modifier=-0.10|navy_galley_build_cost_modifier=-0.10,global_ship_cost=-0.1
indonesia,SUL|KML,1,abm_sulu_ideas_tradition_2,trade_range_modifier=0.20,trade_range_modifier=0.2
indonesia,SUL|KML,2,abm_sulu_sultanate,monthly_legitimacy=0.10|monthly_republican_tradition=0.10|monthly_devotion=0.10|monthly_horde_unity=0.10|monthly_tribal_cohesion=0.10,legitimacy=1|devotion=1|republican_tradition=0.3|meritocracy=1|horde_unity=1
indonesia,SUL|KML,2,abm_sulu_sea_raiders,navy_light_ship_power=0.15,light_ship_power=0.15
indonesia,SUL|KML,3,abm_sulu_slave_trade,global_max_rgo_size_modifier=0.10,global_trade_goods_size_modifier=0.1
indonesia,SUL|KML,3,abm_sulu_pearls,global_production_efficiency=0.10,production_efficiency=0.1
indonesia,SUL|KML,4,abm_sulu_island_network,global_merchant_power=0.20,merchants=1
indonesia,SUL|KML,4,abm_sulu_naval_dominance,naval_morale_modifier=0.15,naval_morale=0.15
indonesia,SUL|KML,5,abm_sulu_consolidation,pop_join_rebel_threshold=-0.05,global_unrest=-1
indonesia,SUL|KML,6,abm_sulu_ideas_ambition,expected_navy_size_modifier=0.33,naval_forcelimit_modifier=0.33