eu5_tag,eu5_name,advances,eu4_tag,eu4_name,eu4_culture_name,eu4_culture_key,ideaset,idea_key,eu5_culture,eu5_religion
KHM,Khmer,13,KHM,Khmer,Khmer,khmer,Khmer Ideas,KHM_ideas,khmer_culture,theravada
CHA,Champa,4,CHA,Champa,Cham,cham,Cham Ideas,CHA_ideas,cham_culture,hindu
DAI,Dai Viet,4,DAI,Dai Viet,Vietnamese,vietnamese,Dai Viet Ideas,DAI_ideas,vietnamese_culture,mahayana
SUK,Sukhothai,20,SUK,Sukhothai,Central Thai,central_thai,Sukhothai Ideas,SUK_ideas,thai_culture,theravada
LNA,Lan Na,0,LNA,Lan Na,Northern Thai,northern_thai,Lan Na Ideas,LNA_ideas,khon_muang_culture,theravada
LAV,Lavo,12,AYU,Ayutthaya,Central Thai,central_thai,Ayutthayan Ideas,AYU_ideas,thai_culture,theravada
ADH,Ayodhya,12,AYU,Ayutthaya,Central Thai,central_thai,Ayutthayan Ideas,AYU_ideas,thai_culture,theravada
PEG,Pegu / Hanthawaddy,18,PEG,Pegu,Mon,mon,Pegu Ideas,PEG_ideas,mon_culture,theravada
SNG,Singapura,1,,,,,,malay_culture,hindu
LIG,Ligor,0,LIG,Ligor,Central Thai,central_thai,,LIG_ideas,dambro_culture,theravada
LGK,Langkasuka,1,,,,,,malay_culture,hindu
KED,Kedah,1,KED,Kedah,Malayan,malayan,,KED_ideas,malay_culture,sunni
PAH,Pahang,1,PAH,Pahang,Malayan,malayan,,PAH_ideas,malay_culture,mahayana
SPN,Suphanburi,12,AYU,Ayutthaya,Central Thai,central_thai,Ayutthayan Ideas,AYU_ideas,thai_culture,theravada
ARK,Arakan / Launggyet,0,ARK,Arakan,Burmese,burmese,,ARK_ideas,rakhine_culture,theravada
PIN,Pinya,0,TAU,Taungu,Burmese,burmese,,TAU_ideas,burmese_culture,theravada
SAG,Sagaing,0,TAU,Taungu,Burmese,burmese,,TAU_ideas,burmese_culture,theravada
TNG,Toungoo,0,TAU,Taungu,Burmese,burmese,,TAU_ideas,burmese_culture,theravada
BPR,Prome,0,PEG,Pegu,Mon,mon,,PEG_ideas,mon_culture,theravada
PHY,Phayao,0,LNA,Lan Na,Northern Thai,northern_thai,,LNA_ideas,khon_muang_culture,theravada
PUA,Pua (Nan),0,LNA,Lan Na,Northern Thai,northern_thai,,LNA_ideas,khon_muang_culture,theravada
MUA,Muong Sua,0,LUA,Luang Prabang,Laotian,lao,Laotian Ideas,laotian_ideas,lao_culture,mahayana
VTN,Vientiane,0,VIE,Vientiane,Laotian,lao,Laotian Ideas,laotian_ideas,lao_culture,mahayana
CBK,Nguu Hong (Cobra Kingdom),0,,,,,,dai_culture,satsana_phi
MYA,Mongyang,0,,,,,,tai_nua_culture,satsana_phi
MKA,Mongkawng,0,,,,,,tai_nua_culture,satsana_phi
HKM,Hkamti,0,,,,,,tai_nua_culture,satsana_phi
MKN,Mong Kong,0,,,,,,tai_nua_culture,satsana_phi
HHP,Hsawng Hsup,0,,,,,,tai_nua_culture,satsana_phi
HSE,Hsenwi,0,,,,,,tai_nua_culture,satsana_phi
HSI,Hsipaw,0,,,,,,tai_long_culture,satsana_phi
MNI,Mongnai,0,,,,,,tai_long_culture,satsana_phi
MGT,Mongmit,0,,,,,,tai_nua_culture,satsana_phi
KAL,Kale,0,,,,,,tai_nua_culture,satsana_phi
WNT,Wuntho,0,,,,,,tai_nua_culture,satsana_phi
BHM,Bhamo,0,,,,,,tai_nua_culture,satsana_phi
KTG,Kengtung,0,,,,,,tai_lu_culture,satsana_phi
MLM,Mong Lem,0,,,,,,tai_nua_culture,satsana_phi
WAS,Wa,0,,,,,,wa_culture,wa_religion
JGP,Jingpo / Jinghpaw / Kachin,0,,,,,,jingpo_culture,jingpo_religion
KRN,Karen,0,,,,,,karen_culture,karen_religion
MUO,Muong,0,,,,,,muong_culture,muong_religion
ASL,Orang Asli,0,,,,,,orang_asli_culture,orang_asli_religion
ZOO,Zo,0,,,,,,zo_culture,mizo_religion
ZHU,Zhuang,0,,,,,,zhuang_culture,moism
MLB,Kangleipak (Manipur),3,,,,,,meitei_culture,sanamahism
BES,Beruas,1,,,,,,malay_culture,hindu
MNJ,Manjung,1,,,,,,malay_culture,hindu
PTC,Petchaburi,12,AYU,Ayutthaya,Central Thai,central_thai,Ayutthayan Ideas,AYU_ideas,thai_culture,theravada
TSM,Tenasserim,18,PEG,Pegu,Mon,mon,,PEG_ideas,mon_culture,theravada
DEG,Degar,0,,,,,,degar_culture,degar_religion
BHN,Bahnar,0,,,,,,bahnar_culture,bahnar_religion
SED,Bahnar,0,,,,,,sedang_culture,sedang_religion
BVK,Bru,0,,,,,,bru_culture,bru_religion
KUY,Kuy,0,,,,,,kuy_culture,satsana_phi
KMU,Khmu,0,,,,,,khmu_culture,satsana_phi
NAA,Naga,0,,,,,,naga_culture,naga_religion
,,0,AYU,Ayutthaya,Central Thai,central_thai,Ayutthayan Ideas,AYU_ideas,thai_culture,theravada
,,0,JAR,Jarai,Cham,cham,Cham Ideas,CHA_ideas,jarai_culture,mahayana
,,0,KOH,Koho,Cham,cham,Cham Ideas,CHA_ideas,koho_culture,mahayana
,,0,RHA,Rhade,Cham,cham,Cham Ideas,CHA_ideas,rhade_culture,mahayana
,,0,ANN,Annam,Vietnamese,vietnamese,Dai Viet Ideas,DAI_ideas,vietnamese_culture,mahayana
,,0,TOK,Tonkin,Vietnamese,vietnamese,Dai Viet Ideas,DAI_ideas,vietnamese_culture,mahayana
,,0,LXA,Lan Xang,Laotian,lao,Lan Xang Ideas,LXA_ideas,lao_culture,theravada
,,0,SIA,Siam,Central Thai,central_thai,Siamese Ideas,SIA_ideas,thai_culture,theravada
,,0,CHK,Champasak,Laotian,lao,Laotian Ideas,laotian_ideas,lao_culture,theravada
,,0,MPH,Muang Phuan,Laotian,lao,Laotian Ideas,laotian_ideas,lao_culture,theravada